,Reference area,TIME_PERIOD,Unemp rate,Forecasts
84,Australia,2015-Q1,6.20281,6.3358746
85,Australia,2015-Q2,6.016903,6.2006345
86,Australia,2015-Q3,6.178764,5.9950495
87,Australia,2015-Q4,5.83471,6.1454906
88,Australia,2016-Q1,5.796363,5.7369423
89,Australia,2016-Q2,5.687189,5.696651
90,Australia,2016-Q3,5.657904,5.5951667
91,Australia,2016-Q4,5.733705,5.6067367
92,Australia,2017-Q1,5.807653,5.701591
93,Australia,2017-Q2,5.592649,5.819011
94,Australia,2017-Q3,5.533132,5.552382
95,Australia,2017-Q4,5.491755,5.4977365
96,Australia,2018-Q1,5.545322,5.462033
97,Australia,2018-Q2,5.44039,5.5097814
98,Australia,2018-Q3,5.186149,5.402454
99,Australia,2018-Q4,5.043092,5.121954
100,Australia,2019-Q1,5.043594,4.9841337
101,Australia,2019-Q2,5.224286,5.0068655
102,Australia,2019-Q3,5.25421,5.222432
103,Australia,2019-Q4,5.171724,5.275474
188,Austria,2015-Q1,6.0,6.125923
189,Austria,2015-Q2,6.266667,6.014725
190,Austria,2015-Q3,6.066667,6.3024926
191,Austria,2015-Q4,6.3,6.045163
192,Austria,2016-Q1,6.466667,6.314666
193,Austria,2016-Q2,6.6,6.460227
194,Austria,2016-Q3,6.633333,6.6566205
195,Austria,2016-Q4,6.2,6.681663
196,Austria,2017-Q1,6.166667,6.130702
197,Austria,2017-Q2,5.9,6.06735
198,Austria,2017-Q3,5.866667,5.781107
199,Austria,2017-Q4,5.833333,5.803056
200,Austria,2018-Q1,5.433333,5.800904
201,Austria,2018-Q2,5.0,5.3410754
202,Austria,2018-Q3,5.366667,4.8545003
203,Austria,2018-Q4,5.1,5.300148
204,Austria,2019-Q1,5.066667,5.0279746
205,Austria,2019-Q2,4.866667,4.9903946
206,Austria,2019-Q3,4.8,4.831911
207,Austria,2019-Q4,4.533333,4.788041
292,Belgium,2015-Q1,8.833333,8.672448
293,Belgium,2015-Q2,8.666667,8.853765
294,Belgium,2015-Q3,8.266666,8.649831
295,Belgium,2015-Q4,8.833333,8.191336
296,Belgium,2016-Q1,8.266666,8.874579
297,Belgium,2016-Q2,8.166667,8.248996
298,Belgium,2016-Q3,7.7,8.138995
299,Belgium,2016-Q4,7.233333,7.6195374
300,Belgium,2017-Q1,7.633333,7.080333
301,Belgium,2017-Q2,7.266667,7.600508
302,Belgium,2017-Q3,7.066667,7.200954
303,Belgium,2017-Q4,6.433333,7.021618
304,Belgium,2018-Q1,6.133333,6.2719812
305,Belgium,2018-Q2,6.333333,5.947101
306,Belgium,2018-Q3,5.7,6.2190404
307,Belgium,2018-Q4,5.733333,5.5440874
308,Belgium,2019-Q1,5.6,5.605803
309,Belgium,2019-Q2,5.566667,5.513148
310,Belgium,2019-Q3,5.133333,5.4907026
311,Belgium,2019-Q4,5.2,5.014821
396,Canada,2015-Q1,6.866667,6.687425
397,Canada,2015-Q2,6.933333,6.9151235
398,Canada,2015-Q3,7.066667,7.0573378
399,Canada,2015-Q4,7.133333,7.1697917
400,Canada,2016-Q1,7.233333,7.2118716
401,Canada,2016-Q2,7.133333,7.2792006
402,Canada,2016-Q3,6.966667,7.202177
403,Canada,2016-Q4,6.866667,6.9539456
404,Canada,2017-Q1,6.733333,6.8046227
405,Canada,2017-Q2,6.533333,6.624019
406,Canada,2017-Q3,6.233333,6.3745003
407,Canada,2017-Q4,6.166667,6.0997663
408,Canada,2018-Q1,5.9,6.065374
409,Canada,2018-Q2,5.9,5.758904
410,Canada,2018-Q3,5.9,5.800416
411,Canada,2018-Q4,5.633333,5.8384256
412,Canada,2019-Q1,5.766667,5.609749
413,Canada,2019-Q2,5.6,5.799751
414,Canada,2019-Q3,5.666667,5.535972
415,Canada,2019-Q4,5.7,5.6580305
500,Denmark,2015-Q1,6.366667,6.8456964
501,Denmark,2015-Q2,6.333333,6.262273
502,Denmark,2015-Q3,6.233333,6.233304
503,Denmark,2015-Q4,6.133333,6.168161
504,Denmark,2016-Q1,5.966667,6.0987654
505,Denmark,2016-Q2,6.066667,5.8711357
506,Denmark,2016-Q3,6.0,5.997728
507,Denmark,2016-Q4,5.9,5.921759
508,Denmark,2017-Q1,6.1,5.8453865
509,Denmark,2017-Q2,5.866667,6.0895586
510,Denmark,2017-Q3,5.933333,5.794066
511,Denmark,2017-Q4,5.4,5.953556
512,Denmark,2018-Q1,5.2,5.33812
513,Denmark,2018-Q2,5.133333,5.0856037
514,Denmark,2018-Q3,4.9,5.069405
515,Denmark,2018-Q4,5.266667,4.8245435
516,Denmark,2019-Q1,5.133333,5.2938466
517,Denmark,2019-Q2,4.9,5.1623807
518,Denmark,2019-Q3,4.866667,4.8280954
519,Denmark,2019-Q4,5.1,4.8184814
604,Finland,2015-Q1,9.3,9.336682
605,Finland,2015-Q2,9.7,9.492859
606,Finland,2015-Q3,9.3,9.7867365
607,Finland,2015-Q4,9.5,9.259918
608,Finland,2016-Q1,9.233334,9.458775
609,Finland,2016-Q2,8.9,9.106389
610,Finland,2016-Q3,8.6,8.763405
611,Finland,2016-Q4,8.966666,8.418503
612,Finland,2017-Q1,8.966666,8.91781
613,Finland,2017-Q2,8.966666,8.957954
614,Finland,2017-Q3,8.566667,8.907653
615,Finland,2017-Q4,8.433333,8.485903
616,Finland,2018-Q1,8.433333,8.33528
617,Finland,2018-Q2,7.2,8.379817
618,Finland,2018-Q3,7.3,7.05126
619,Finland,2018-Q4,6.766667,7.188086
620,Finland,2019-Q1,6.733333,6.6244845
621,Finland,2019-Q2,6.766667,6.6153264
622,Finland,2019-Q3,6.733333,6.6511955
623,Finland,2019-Q4,6.766667,6.699248
708,France,2015-Q1,10.36667,10.558061
709,France,2015-Q2,10.43333,10.3965845
710,France,2015-Q3,10.3,10.469944
711,France,2015-Q4,10.26667,10.294818
712,France,2016-Q1,10.3,10.250516
713,France,2016-Q2,10.0,10.301362
714,France,2016-Q3,9.866667,9.979174
715,France,2016-Q4,10.06667,9.831572
716,France,2017-Q1,9.633333,10.063892
717,France,2017-Q2,9.5,9.543322
718,France,2017-Q3,9.466666,9.381189
719,France,2017-Q4,9.033334,9.3862705
720,France,2018-Q1,9.266666,8.901246
721,France,2018-Q2,9.1,9.238404
722,France,2018-Q3,8.933333,9.092223
723,France,2018-Q4,8.766666,8.905009
724,France,2019-Q1,8.733334,8.731047
725,France,2019-Q2,8.5,8.678598
726,France,2019-Q3,8.3,8.3968315
727,France,2019-Q4,8.2,8.21914
812,Germany,2015-Q1,4.5,4.5871015
813,Germany,2015-Q2,4.4,4.4804773
814,Germany,2015-Q3,4.3,4.364716
815,Germany,2015-Q4,4.2,4.2510767
816,Germany,2016-Q1,4.066667,4.14945
817,Germany,2016-Q2,4.0,3.9837854
818,Germany,2016-Q3,3.866667,3.9496439
819,Germany,2016-Q4,3.7,3.8114576
820,Germany,2017-Q1,3.633333,3.6336744
821,Germany,2017-Q2,3.566667,3.5457044
822,Germany,2017-Q3,3.466667,3.4845657
823,Germany,2017-Q4,3.4,3.4134328
824,Germany,2018-Q1,3.3,3.339988
825,Germany,2018-Q2,3.2,3.3043077
826,Germany,2018-Q3,3.166667,3.1879835
827,Germany,2018-Q4,3.1,3.2195046
828,Germany,2019-Q1,3.0,3.1350608
829,Germany,2019-Q2,2.9,2.999638
830,Germany,2019-Q3,2.9,2.8679948
831,Germany,2019-Q4,3.0,2.8850121
916,Ireland,2015-Q1,10.63333,10.588537
917,Ireland,2015-Q2,10.06667,10.259225
918,Ireland,2015-Q3,9.533334,9.846138
919,Ireland,2015-Q4,9.433333,9.221382
920,Ireland,2016-Q1,8.933333,9.323286
921,Ireland,2016-Q2,8.833333,8.855888
922,Ireland,2016-Q3,8.233334,8.893378
923,Ireland,2016-Q4,7.566667,8.230429
924,Ireland,2017-Q1,7.266667,7.309935
925,Ireland,2017-Q2,6.666667,7.075727
926,Ireland,2017-Q3,6.633333,6.4541864
927,Ireland,2017-Q4,6.433333,6.37428
928,Ireland,2018-Q1,5.966667,6.0693226
929,Ireland,2018-Q2,5.866667,5.6618733
930,Ireland,2018-Q3,5.7,5.6848903
931,Ireland,2018-Q4,5.733333,5.503559
932,Ireland,2019-Q1,5.033333,5.6932216
933,Ireland,2019-Q2,5.166667,4.912188
934,Ireland,2019-Q3,5.0,5.0503163
935,Ireland,2019-Q4,4.8,4.8467884
1020,Italy,2015-Q1,12.5,12.940556
1021,Italy,2015-Q2,12.33333,12.437717
1022,Italy,2015-Q3,11.63333,12.222108
1023,Italy,2015-Q4,11.66667,11.441082
1024,Italy,2016-Q1,11.63333,11.510212
1025,Italy,2016-Q2,11.7,11.559477
1026,Italy,2016-Q3,11.7,11.691227
1027,Italy,2016-Q4,11.83333,11.662067
1028,Italy,2017-Q1,11.6,11.849714
1029,Italy,2017-Q2,11.26667,11.562964
1030,Italy,2017-Q3,11.33333,11.182399
1031,Italy,2017-Q4,11.0,11.339799
1032,Italy,2018-Q1,10.93333,10.941569
1033,Italy,2018-Q2,10.76667,10.897385
1034,Italy,2018-Q3,10.23333,10.721196
1035,Italy,2018-Q4,10.5,10.150161
1036,Italy,2019-Q1,10.36667,10.472569
1037,Italy,2019-Q2,10.0,10.36397
1038,Italy,2019-Q3,9.6,9.902223
1039,Italy,2019-Q4,9.666667,9.500225
1124,Japan,2015-Q1,3.5,3.5657253
1125,Japan,2015-Q2,3.366667,3.5064213
1126,Japan,2015-Q3,3.366667,3.3807213
1127,Japan,2015-Q4,3.266667,3.3669467
1128,Japan,2016-Q1,3.233333,3.2515118
1129,Japan,2016-Q2,3.166667,3.1827607
1130,Japan,2016-Q3,3.033333,3.1557143
1131,Japan,2016-Q4,3.0,2.9934194
1132,Japan,2017-Q1,2.9,2.9703739
1133,Japan,2017-Q2,2.866667,2.8404436
1134,Japan,2017-Q3,2.8,2.794761
1135,Japan,2017-Q4,2.7,2.7277215
1136,Japan,2018-Q1,2.466667,2.6476874
1137,Japan,2018-Q2,2.366667,2.4199724
1138,Japan,2018-Q3,2.433333,2.3303895
1139,Japan,2018-Q4,2.466667,2.4675686
1140,Japan,2019-Q1,2.466667,2.5358028
1141,Japan,2019-Q2,2.333333,2.5358663
1142,Japan,2019-Q3,2.333333,2.30458
1143,Japan,2019-Q4,2.3,2.3290534
1228,Korea,2015-Q1,3.533333,3.6924462
1229,Korea,2015-Q2,3.666667,3.533359
1230,Korea,2015-Q3,3.633333,3.7042217
1231,Korea,2015-Q4,3.533333,3.5859172
1232,Korea,2016-Q1,3.7,3.4600408
1233,Korea,2016-Q2,3.566667,3.6981192
1234,Korea,2016-Q3,3.8,3.5135758
1235,Korea,2016-Q4,3.666667,3.823152
1236,Korea,2017-Q1,3.666667,3.6705165
1237,Korea,2017-Q2,3.666667,3.639196
1238,Korea,2017-Q3,3.766667,3.646382
1239,Korea,2017-Q4,3.666667,3.7774723
1240,Korea,2018-Q1,3.7,3.7202954
1241,Korea,2018-Q2,3.733333,3.6857238
1242,Korea,2018-Q3,4.166667,3.7167473
1243,Korea,2018-Q4,3.866667,4.222528
1244,Korea,2019-Q1,3.833333,3.8780022
1245,Korea,2019-Q2,3.9,3.8819458
1246,Korea,2019-Q3,3.733333,3.8551707
1247,Korea,2019-Q4,3.566667,3.692118
1332,Luxembourg,2015-Q1,6.366667,6.0065317
1333,Luxembourg,2015-Q2,6.5,6.3813043
1334,Luxembourg,2015-Q3,6.5,6.5613046
1335,Luxembourg,2015-Q4,6.5,6.6037292
1336,Luxembourg,2016-Q1,6.4,6.5894055
1337,Luxembourg,2016-Q2,6.3,6.2897573
1338,Luxembourg,2016-Q3,6.3,6.1383524
1339,Luxembourg,2016-Q4,6.3,6.17705
1340,Luxembourg,2017-Q1,5.9,6.2629924
1341,Luxembourg,2017-Q2,5.533333,5.879228
1342,Luxembourg,2017-Q3,5.566667,5.456985
1343,Luxembourg,2017-Q4,5.466667,5.5175014
1344,Luxembourg,2018-Q1,5.566667,5.3967896
1345,Luxembourg,2018-Q2,5.533333,5.5967
1346,Luxembourg,2018-Q3,5.633333,5.6001363
1347,Luxembourg,2018-Q4,5.4,5.6685715
1348,Luxembourg,2019-Q1,5.5,5.3887196
1349,Luxembourg,2019-Q2,5.633333,5.514663
1350,Luxembourg,2019-Q3,5.666667,5.594929
1351,Luxembourg,2019-Q4,5.633333,5.674067
1436,Mexico,2015-Q1,4.327652,4.413019
1437,Mexico,2015-Q2,4.459894,4.2486567
1438,Mexico,2015-Q3,4.325769,4.4128666
1439,Mexico,2015-Q4,4.299985,4.2268643
1440,Mexico,2016-Q1,4.138545,4.2728953
1441,Mexico,2016-Q2,3.984845,4.131349
1442,Mexico,2016-Q3,3.784792,3.9589624
1443,Mexico,2016-Q4,3.633149,3.6963007
1444,Mexico,2017-Q1,3.476903,3.5007474
1445,Mexico,2017-Q2,3.4753,3.3558366
1446,Mexico,2017-Q3,3.275204,3.430795
1447,Mexico,2017-Q4,3.447579,3.357856
1448,Mexico,2018-Q1,3.209983,3.5269372
1449,Mexico,2018-Q2,3.333898,3.19878
1450,Mexico,2018-Q3,3.235572,3.3869505
1451,Mexico,2018-Q4,3.368537,3.24288
1452,Mexico,2019-Q1,3.43338,3.4247272
1453,Mexico,2019-Q2,3.541282,3.534221
1454,Mexico,2019-Q3,3.469288,3.618272
1455,Mexico,2019-Q4,3.423834,3.5222669
1540,Netherlands,2015-Q1,8.166667,7.9883556
1541,Netherlands,2015-Q2,8.0,8.084915
1542,Netherlands,2015-Q3,7.733333,7.919574
1543,Netherlands,2015-Q4,7.733333,7.6299176
1544,Netherlands,2016-Q1,7.433333,7.675925
1545,Netherlands,2016-Q2,7.233333,7.3465643
1546,Netherlands,2016-Q3,6.833333,7.128212
1547,Netherlands,2016-Q4,6.533333,6.649307
1548,Netherlands,2017-Q1,6.3,6.326089
1549,Netherlands,2017-Q2,6.066667,6.1166
1550,Netherlands,2017-Q3,5.766667,5.9078817
1551,Netherlands,2017-Q4,5.433333,5.617001
1552,Netherlands,2018-Q1,5.1,5.27781
1553,Netherlands,2018-Q2,4.9,4.9339747
1554,Netherlands,2018-Q3,4.866667,4.7620826
1555,Netherlands,2018-Q4,4.633333,4.7764134
1556,Netherlands,2019-Q1,4.466667,4.583207
1557,Netherlands,2019-Q2,4.333333,4.376494
1558,Netherlands,2019-Q3,4.466667,4.2496643
1559,Netherlands,2019-Q4,4.433333,4.45505
1644,New Zealand,2015-Q1,5.5,5.409689
1645,New Zealand,2015-Q2,5.5,5.4852915
1646,New Zealand,2015-Q3,5.7,5.508937
1647,New Zealand,2015-Q4,5.0,5.7234473
1648,New Zealand,2016-Q1,5.3,4.8769283
1649,New Zealand,2016-Q2,5.1,5.186645
1650,New Zealand,2016-Q3,5.0,5.0043516
1651,New Zealand,2016-Q4,5.3,4.8915052
1652,New Zealand,2017-Q1,4.9,5.3351398
1653,New Zealand,2017-Q2,4.9,4.847342
1654,New Zealand,2017-Q3,4.7,4.862084
1655,New Zealand,2017-Q4,4.5,4.668709
1656,New Zealand,2018-Q1,4.4,4.426744
1657,New Zealand,2018-Q2,4.6,4.313718
1658,New Zealand,2018-Q3,4.0,4.566303
1659,New Zealand,2018-Q4,4.3,3.9162874
1660,New Zealand,2019-Q1,4.2,4.2345557
1661,New Zealand,2019-Q2,4.1,4.1623454
1662,New Zealand,2019-Q3,4.1,4.073631
1663,New Zealand,2019-Q4,4.1,4.088554
1748,Norway,2015-Q1,4.5,3.9986615
1749,Norway,2015-Q2,4.566667,4.6399703
1750,Norway,2015-Q3,4.733333,4.696713
1751,Norway,2015-Q4,4.9,4.8249717
1752,Norway,2016-Q1,5.1,5.056403
1753,Norway,2016-Q2,4.933333,5.240847
1754,Norway,2016-Q3,4.9,4.988181
1755,Norway,2016-Q4,4.666667,5.02333
1756,Norway,2017-Q1,4.433333,4.601666
1757,Norway,2017-Q2,4.6,4.347478
1758,Norway,2017-Q3,4.166667,4.4859867
1759,Norway,2017-Q4,4.2,4.010247
1760,Norway,2018-Q1,4.066667,4.151815
1761,Norway,2018-Q2,4.0,3.9936879
1762,Norway,2018-Q3,4.133333,3.9515128
1763,Norway,2018-Q4,3.866667,4.096351
1764,Norway,2019-Q1,3.966667,3.8915334
1765,Norway,2019-Q2,3.5,4.025616
1766,Norway,2019-Q3,3.9,3.4555347
1767,Norway,2019-Q4,4.166667,3.936162
1852,Portugal,2015-Q1,14.0,13.713363
1853,Portugal,2015-Q2,12.83333,13.848397
1854,Portugal,2015-Q3,12.5,12.590241
1855,Portugal,2015-Q4,12.6,12.2814045
1856,Portugal,2016-Q1,12.56667,12.458739
1857,Portugal,2016-Q2,11.6,12.498242
1858,Portugal,2016-Q3,11.03333,11.476145
1859,Portugal,2016-Q4,10.66667,10.781286
1860,Portugal,2017-Q1,10.23333,10.355685
1861,Portugal,2017-Q2,9.5,9.949975
1862,Portugal,2017-Q3,8.866667,9.19873
1863,Portugal,2017-Q4,8.266666,8.541304
1864,Portugal,2018-Q1,7.933333,7.9354177
1865,Portugal,2018-Q2,7.233333,7.647282
1866,Portugal,2018-Q3,6.833333,6.936769
1867,Portugal,2018-Q4,6.733333,6.5273404
1868,Portugal,2019-Q1,6.733333,6.502402
1869,Portugal,2019-Q2,6.7,6.589241
1870,Portugal,2019-Q3,6.4,6.5947027
1871,Portugal,2019-Q4,6.766667,6.3045125
1956,Spain,2015-Q1,23.13333,23.46935
1957,Spain,2015-Q2,22.5,22.807896
1958,Spain,2015-Q3,21.63333,22.135305
1959,Spain,2015-Q4,21.0,21.217712
1960,Spain,2016-Q1,20.4,20.59114
1961,Spain,2016-Q2,20.13333,20.045238
1962,Spain,2016-Q3,19.3,19.856503
1963,Spain,2016-Q4,18.73333,18.941275
1964,Spain,2017-Q1,18.2,18.371124
1965,Spain,2017-Q2,17.36667,17.878426
1966,Spain,2017-Q3,16.76667,17.053967
1967,Spain,2017-Q4,16.66667,16.441338
1968,Spain,2018-Q1,16.16667,16.400803
1969,Spain,2018-Q2,15.46667,15.944165
1970,Spain,2018-Q3,14.83333,15.227481
1971,Spain,2018-Q4,14.56667,14.560428
1972,Spain,2019-Q1,14.23333,14.32296
1973,Spain,2019-Q2,14.23333,14.019062
1974,Spain,2019-Q3,14.1,14.0697975
1975,Spain,2019-Q4,13.9,13.995159
2060,Sweden,2015-Q1,7.866667,7.902015
2061,Sweden,2015-Q2,7.733333,7.805244
2062,Sweden,2015-Q3,7.233333,7.5961947
2063,Sweden,2015-Q4,7.2,7.065249
2064,Sweden,2016-Q1,7.233333,7.0668187
2065,Sweden,2016-Q2,7.0,7.2430453
2066,Sweden,2016-Q3,6.966667,6.9671545
2067,Sweden,2016-Q4,7.033333,6.9612694
2068,Sweden,2017-Q1,6.833333,7.0610366
2069,Sweden,2017-Q2,6.833333,6.8145585
2070,Sweden,2017-Q3,6.8,6.8276443
2071,Sweden,2017-Q4,6.733333,6.8484564
2072,Sweden,2018-Q1,6.3,6.7571616
2073,Sweden,2018-Q2,6.366667,6.225665
2074,Sweden,2018-Q3,6.533333,6.3070383
2075,Sweden,2018-Q4,6.633333,6.5615277
2076,Sweden,2019-Q1,6.866667,6.660861
2077,Sweden,2019-Q2,6.533333,6.94925
2078,Sweden,2019-Q3,7.133333,6.46598
2079,Sweden,2019-Q4,7.133333,7.249108
2164,United Kingdom,2015-Q1,5.5,5.492383
2165,United Kingdom,2015-Q2,5.6,5.361037
2166,United Kingdom,2015-Q3,5.3,5.5410347
2167,United Kingdom,2015-Q4,5.1,5.21587
2168,United Kingdom,2016-Q1,5.1,4.994466
2169,United Kingdom,2016-Q2,4.9,5.027729
2170,United Kingdom,2016-Q3,4.8,4.8288674
2171,United Kingdom,2016-Q4,4.7,4.732038
2172,United Kingdom,2017-Q1,4.6,4.640221
2173,United Kingdom,2017-Q2,4.4,4.5312233
2174,United Kingdom,2017-Q3,4.3,4.3122253
2175,United Kingdom,2017-Q4,4.4,4.257889
2176,United Kingdom,2018-Q1,4.2,4.399798
2177,United Kingdom,2018-Q2,4.0,4.207797
2178,United Kingdom,2018-Q3,4.1,3.9944506
2179,United Kingdom,2018-Q4,4.0,4.1131024
2180,United Kingdom,2019-Q1,3.8,4.01303
2181,United Kingdom,2019-Q2,3.9,3.7775805
2182,United Kingdom,2019-Q3,3.9,3.8726273
2183,United Kingdom,2019-Q4,3.7,3.8858118
2268,United States,2015-Q1,5.533333,5.535072
2269,United States,2015-Q2,5.433333,5.404366
2270,United States,2015-Q3,5.1,5.3356795
2271,United States,2015-Q4,5.033333,4.966767
2272,United States,2016-Q1,4.9,4.939499
2273,United States,2016-Q2,4.933333,4.8332434
2274,United States,2016-Q3,4.9,4.932184
2275,United States,2016-Q4,4.766667,4.8999176
2276,United States,2017-Q1,4.566667,4.743312
2277,United States,2017-Q2,4.366667,4.512719
2278,United States,2017-Q3,4.333333,4.3073783
2279,United States,2017-Q4,4.166667,4.3023906
2280,United States,2018-Q1,4.033333,4.082979
2281,United States,2018-Q2,3.933333,3.9380093
2282,United States,2018-Q3,3.766667,3.86186
2283,United States,2018-Q4,3.833333,3.6940088
2284,United States,2019-Q1,3.866667,3.8414073
2285,United States,2019-Q2,3.633333,3.896494
2286,United States,2019-Q3,3.6,3.563095
2287,United States,2019-Q4,3.6,3.5124514
