,Reference area,TIME_PERIOD,CPI inflation,RGDP growth,Unemp rate,Naive forecast,FFNN,RNN,ARIMAX
0,Australia,2015-Q1,1.328274310951505,0.969735031,6.20281,6.253474,6.2963567,6.3358746,6.322898767951942
1,Australia,2015-Q2,1.510856161653629,0.118177577,6.016903,6.20281,6.1374993,6.2006345,6.1782975505637685
2,Australia,2015-Q3,1.5037259193562802,0.974270987,6.178764,6.016903,5.9345813,5.9950495,5.878252208442535
3,Australia,2015-Q4,1.6885277545430233,0.620687534,5.83471,6.178764,6.140366,6.1454906,6.260901961146914
4,Australia,2016-Q1,1.310882625479426,0.916475884,5.796363,5.83471,5.804824,5.7369423,5.767956640708155
5,Australia,2016-Q2,1.0232931583703089,0.658660332,5.687189,5.796363,5.7125654,5.696651,5.706424755334151
6,Australia,2016-Q3,1.2962878034093128,-0.009383271,5.657904,5.687189,5.592954,5.5951667,5.663778112183577
7,Australia,2016-Q4,1.476061676730578,1.165936591,5.733705,5.657904,5.5836153,5.6067367,5.62248737523171
8,Australia,2017-Q1,2.125635401780901,0.311883605,5.807653,5.733705,5.6687503,5.701591,5.792250744529527
9,Australia,2017-Q2,1.933687689063257,0.598448222,5.592649,5.807653,5.7385545,5.819011,5.821386297721783
10,Australia,2017-Q3,1.828212043070021,0.947658517,5.533132,5.592649,5.5662,5.552382,5.552278035445624
11,Australia,2017-Q4,1.909077293990857,0.399283214,5.491755,5.533132,5.470501,5.4977365,5.461480526994159
12,Australia,2018-Q1,1.900537498197297,1.031201283,5.545322,5.491755,5.420044,5.462033,5.468448041844496
13,Australia,2018-Q2,2.07763103373817,0.742217472,5.44039,5.545322,5.598057,5.5097814,5.593716993850003
14,Australia,2018-Q3,1.8850854682266995,0.377453659,5.186149,5.44039,5.3794913,5.402454,5.404093346543263
15,Australia,2018-Q4,1.784081391149317,0.254932833,5.043092,5.186149,5.1780605,5.121954,5.067629442258679
16,Australia,2019-Q1,1.3320710692906523,0.725262388,5.043594,5.043092,4.9980903,4.9841337,4.956558453149203
17,Australia,2019-Q2,1.5929235583455714,0.305697789,5.224286,5.043594,4.995514,5.0068655,5.074527175082039
18,Australia,2019-Q3,1.674037897804559,0.583900808,5.25421,5.224286,5.1893687,5.222432,5.275655611500392
19,Australia,2019-Q4,1.8404786395764816,0.590704258,5.171724,5.25421,5.3535533,5.275474,5.305433902551937
20,Austria,2015-Q1,0.8520282813341051,0.029269416,6.0,6.1,6.143012,6.125923,6.023447793433762
21,Austria,2015-Q2,1.0201232353641787,0.565311743,6.266667,6.0,5.8509765,6.014725,5.953869847129325
22,Austria,2015-Q3,0.9353988115862856,0.375599579,6.066667,6.266667,6.2305784,6.3024926,6.142215220802045
23,Austria,2015-Q4,0.7786302516183063,0.401298904,6.3,6.066667,6.071184,6.045163,6.016344290757296
24,Austria,2016-Q1,0.974803950043568,1.146126004,6.466667,6.3,6.286961,6.314666,6.2305433027332615
25,Austria,2016-Q2,0.5645771201783889,-0.05731429,6.6,6.466667,6.403999,6.460227,6.35096659672979
26,Austria,2016-Q3,0.699258779699008,0.548569491,6.633333,6.6,6.5837135,6.6566205,6.595011551821195
27,Austria,2016-Q4,1.3280991636750672,0.604465055,6.2,6.633333,6.7268705,6.681663,6.521742911573886
28,Austria,2017-Q1,2.0305617977528057,0.984626202,6.166667,6.2,6.109617,6.130702,6.1109401862166
29,Austria,2017-Q2,1.948478522148656,0.322572203,5.9,6.166667,6.0889726,6.06735,6.090635959253159
30,Austria,2017-Q3,2.149484679278824,0.634783306,5.866667,5.9,5.8633904,5.781107,5.9171052496621375
31,Austria,2017-Q4,2.195234401803292,0.474330492,5.833333,5.866667,5.7747707,5.803056,5.7948877200344295
32,Austria,2018-Q1,1.7944734680852337,0.571056079,5.433333,5.833333,5.7249107,5.800904,5.802912430750112
33,Austria,2018-Q2,1.943699862184789,0.805638906,5.0,5.433333,5.375738,5.3410754,5.425652808409585
34,Austria,2018-Q3,2.136597314830002,0.41065038,5.366667,5.0,4.8197293,4.8545003,4.964922735019298
35,Austria,2018-Q4,2.1160468650801345,0.93799508,5.1,5.366667,5.2670813,5.300148,5.354247975667308
36,Austria,2019-Q1,1.730817866494605,1.138337258,5.066667,5.1,5.0354548,5.0279746,5.080924875532147
37,Austria,2019-Q2,1.6841244221398766,-0.619932462,4.866667,5.066667,4.980526,4.9903946,5.064506358296502
38,Austria,2019-Q3,1.3946645948616387,0.160808055,4.8,4.866667,4.766762,4.831911,4.917468808946685
39,Austria,2019-Q4,1.3186972601165523,-0.649223825,4.533333,4.8,4.7940693,4.788041,4.793946090745418
40,Belgium,2015-Q1,-0.480313031734858,0.267484256,8.833333,8.7,8.709576,8.672448,8.703011145335338
41,Belgium,2015-Q2,0.4915465791456741,0.464991212,8.666667,8.833333,8.779177,8.853765,8.813563956764224
42,Belgium,2015-Q3,0.8078137806842189,0.13664185,8.266666,8.666667,8.609419,8.649831,8.664338654356046
43,Belgium,2015-Q4,1.4319558860975468,0.351601241,8.833333,8.266666,8.196166,8.191336,8.297541811778634
44,Belgium,2016-Q1,1.7907430132084734,0.113810895,8.266666,8.833333,8.783173,8.874579,8.789001544167593
45,Belgium,2016-Q2,2.131798476047675,0.591248886,8.166667,8.266666,8.354868,8.248996,8.299467318833937
46,Belgium,2016-Q3,2.100704860150993,0.182004521,7.7,8.166667,8.108095,8.138995,8.14476467203576
47,Belgium,2016-Q4,1.8713619997237307,0.36803721,7.233333,7.7,7.564325,7.6195374,7.789842615449367
48,Belgium,2017-Q1,2.632321338600674,0.614751262,7.633333,7.233333,7.080332,7.080333,7.300073242322533
49,Belgium,2017-Q2,1.912418426141249,0.224791182,7.266667,7.633333,7.515202,7.600508,7.67300873865279
50,Belgium,2017-Q3,1.8958685103583008,-0.060147357,7.066667,7.266667,7.3602858,7.200954,7.386317145550981
51,Belgium,2017-Q4,2.069071819981283,0.798698455,6.433333,7.066667,6.9737043,7.021618,7.186218909730057
52,Belgium,2018-Q1,1.526172743773868,0.412495646,6.133333,6.433333,6.1928444,6.2719812,6.486160576040057
53,Belgium,2018-Q2,1.8067488996777128,0.506397402,6.333333,6.133333,5.9958134,5.947101,6.290814646604837
54,Belgium,2018-Q3,2.2537070833261508,0.435062951,5.7,6.333333,6.145125,6.2190404,6.431071991483326
55,Belgium,2018-Q4,2.620672912417388,0.918875904,5.733333,5.7,5.6079807,5.5440874,5.8197976670171485
56,Belgium,2019-Q1,2.162319292159154,0.410832523,5.6,5.733333,5.6886253,5.605803,5.801895525247806
57,Belgium,2019-Q2,1.899499043594344,0.59316201,5.566667,5.6,5.4026046,5.513148,5.764957326213684
58,Belgium,2019-Q3,1.1624480848883678,0.789076907,5.133333,5.566667,5.476968,5.4907026,5.646357320149318
59,Belgium,2019-Q4,0.5415036365685522,0.550532252,5.2,5.133333,4.8827863,5.014821,5.21367437419549
60,Canada,2015-Q1,1.0752655246270226,-0.55677898,6.866667,6.766667,6.72628,6.687425,6.670643459194301
61,Canada,2015-Q2,0.9020822249514726,-0.272994458,6.933333,6.866667,6.8846025,6.9151235,7.073016808892468
62,Canada,2015-Q3,1.192974784576628,0.358097519,7.066667,6.933333,6.972182,7.0573378,6.817559071527471
63,Canada,2015-Q4,1.3304959227715685,0.066272079,7.133333,7.066667,7.120631,7.1697917,7.083629319256031
64,Canada,2016-Q1,1.5425919414324696,0.591683798,7.233333,7.133333,7.291353,7.2118716,7.178934764434322
65,Canada,2016-Q2,1.551448711036563,-0.498133929,7.133333,7.233333,7.285302,7.2792006,7.216118270677182
66,Canada,2016-Q3,1.2313146656559804,1.03778381,6.966667,7.133333,7.1728253,7.202177,7.185644093568315
67,Canada,2016-Q4,1.3917680479650585,0.561022275,6.866667,6.966667,6.857429,6.9539456,6.831698722029231
68,Canada,2017-Q1,1.9119251420393724,1.258206055,6.733333,6.866667,6.7166643,6.8046227,6.868663834380059
69,Canada,2017-Q2,1.320494455417709,1.052553159,6.533333,6.733333,6.6427693,6.624019,6.62649849662123
70,Canada,2017-Q3,1.371696416726853,0.031402141,6.233333,6.533333,6.472147,6.3745003,6.590288956904038
71,Canada,2017-Q4,1.7871771294825534,0.507360861,6.166667,6.233333,6.1638317,6.0997663,6.103187340593367
72,Canada,2018-Q1,2.0560992080065787,1.162519794,5.9,6.166667,5.977653,6.065374,6.142364843611123
73,Canada,2018-Q2,2.3000339624472232,0.780038215,5.9,5.9,5.798902,5.758904,5.789678008493102
74,Canada,2018-Q3,2.680582859314251,0.504422861,5.9,5.9,5.750518,5.800416,5.9602004349464535
75,Canada,2018-Q4,2.035597104619402,0.235568646,5.633333,5.9,5.782728,5.8384256,5.883489975064915
76,Canada,2019-Q1,1.611644766911513,0.240663338,5.766667,5.633333,5.5732656,5.609749,5.625918588142066
77,Canada,2019-Q2,2.1484406494456376,1.094764819,5.6,5.766667,5.728453,5.799751,5.799861277006218
78,Canada,2019-Q3,1.939378262310276,0.279623055,5.666667,5.6,5.5654144,5.535972,5.419217422932732
79,Canada,2019-Q4,2.0947886415736416,0.285513174,5.7,5.666667,5.666081,5.6580305,5.840338658351831
80,Denmark,2015-Q1,0.2684496464127717,0.753654587,6.366667,6.866667,6.8386927,6.8456964,6.882229833850567
81,Denmark,2015-Q2,0.6015742179670491,0.655198752,6.333333,6.366667,6.176164,6.262273,6.369210603975486
82,Denmark,2015-Q3,0.6027830074609275,0.160097384,6.233333,6.333333,6.233002,6.233304,6.2681323694742455
83,Denmark,2015-Q4,0.3346686746988014,0.26970094,6.133333,6.233333,6.174486,6.168161,6.276416381430851
84,Denmark,2016-Q1,0.3012048192771122,1.233740421,5.966667,6.133333,6.0893917,6.0987654,6.166456911617184
85,Denmark,2016-Q2,0.1329568548029458,1.091020138,6.066667,5.966667,5.9410753,5.8711357,5.938411164792254
86,Denmark,2016-Q3,0.166478084713062,0.815694956,6.0,6.066667,5.9332395,5.997728,6.086529910324282
87,Denmark,2016-Q4,0.4002368378998255,0.52907489,5.9,6.0,6.073999,5.921759,5.984573343865552
88,Denmark,2017-Q1,0.9676676676676488,0.967348189,6.1,5.9,5.913679,5.8453865,5.886351590303907
89,Denmark,2017-Q2,0.829429054602171,1.206374353,5.866667,6.1,5.963123,6.0895586,6.061482017182655
90,Denmark,2017-Q3,1.528713858424724,-0.223431499,5.933333,5.866667,5.788356,5.794066,5.952290474851341
91,Denmark,2017-Q4,1.2624921137847522,0.76070515,5.4,5.933333,5.87152,5.953556,5.855986579009494
92,Denmark,2018-Q1,0.5948444828669963,0.812658,5.2,5.4,5.300204,5.33812,5.543479626190237
93,Denmark,2018-Q2,0.9871668311944636,-0.034955974,5.133333,5.2,5.0461755,5.0856037,5.270981028499701
94,Denmark,2018-Q3,0.8837973433051927,0.537193737,4.9,5.133333,5.0536385,5.069405,5.041536061720621
95,Denmark,2018-Q4,0.7874015748031704,0.148505442,5.266667,4.9,4.969075,4.8245435,4.985374564108502
96,Denmark,2019-Q1,1.1826540135827734,0.397379309,5.133333,5.266667,5.12685,5.2938466,5.288675825938091
97,Denmark,2019-Q2,0.7494623655913912,0.908929024,4.9,5.133333,5.2448583,5.1623807,5.092860929091278
98,Denmark,2019-Q3,0.4218690531697211,0.324491239,4.866667,4.9,4.8467064,4.8280954,5.035563009294689
99,Denmark,2019-Q4,0.6835937499999778,0.352717779,5.1,4.866667,4.769234,4.8184814,4.885254705233918
100,Finland,2015-Q1,-0.1217250800293667,-0.824962762,9.3,9.2,9.309774,9.336682,9.27610385484293
101,Finland,2015-Q2,-0.123477247046333,1.44414064,9.7,9.3,9.5260935,9.492859,9.407727567135522
102,Finland,2015-Q3,-0.3374663062028493,-0.091109255,9.3,9.7,9.727396,9.7867365,9.527741439820916
103,Finland,2015-Q4,-0.2485567272201949,0.573751805,9.5,9.3,9.287992,9.259918,9.395475629628391
104,Finland,2016-Q1,-0.0334012344831768,1.165514375,9.233334,9.5,9.431658,9.458775,9.452956780935647
105,Finland,2016-Q2,0.3098243296051128,-0.020539632,8.9,9.233334,9.1743,9.106389,9.209305365807094
106,Finland,2016-Q3,0.4334311194801765,1.090691768,8.6,8.9,8.83672,8.763405,8.94503444181018
107,Finland,2016-Q4,0.7157694996504649,0.448935856,8.966666,8.6,8.313496,8.418503,8.600240498197973
108,Finland,2017-Q1,0.9654618662255476,0.97110592,8.966666,8.966666,8.904279,8.91781,8.9824322266137
109,Finland,2017-Q2,0.7704746693873554,1.315142352,8.966666,8.966666,8.829052,8.957954,8.965951437586067
110,Finland,2017-Q3,0.680509909371585,0.467449345,8.566667,8.966666,8.983534,8.907653,9.023986400370337
111,Finland,2017-Q4,0.6015070398932343,0.787387484,8.433333,8.566667,8.415473,8.485903,8.600228406044593
112,Finland,2018-Q1,0.7345153737045473,0.216615472,8.433333,8.433333,8.378737,8.33528,8.43397862102118
113,Finland,2018-Q2,0.9788412102036624,-0.196658576,7.2,8.433333,8.253197,8.379817,8.44173163297191
114,Finland,2018-Q3,1.2958326615116975,-0.097635447,7.3,7.2,7.110231,7.05126,7.213589262640306
115,Finland,2018-Q4,1.3241560402668109,0.088846243,6.766667,7.3,7.09586,7.188086,7.302275503504791
116,Finland,2019-Q1,1.1561120816816262,0.868144939,6.733333,6.766667,6.6694884,6.6244845,6.813206095460786
117,Finland,2019-Q2,1.2173700186037362,0.705787102,6.766667,6.733333,6.653021,6.6153264,6.748828241705136
118,Finland,2019-Q3,0.9472350988688928,0.057675166,6.733333,6.766667,6.3646727,6.6511955,6.756067372201876
119,Finland,2019-Q4,0.778235098986646,-0.195633188,6.766667,6.733333,6.734888,6.699248,6.8119023844600015
120,France,2015-Q1,-0.2405854164939547,0.594905046,10.36667,10.46667,10.461772,10.558061,10.542910677029708
121,France,2015-Q2,0.2128742514970083,0.037735739,10.43333,10.36667,10.450945,10.3965845,10.400330013942495
122,France,2015-Q3,0.0832777648367866,0.288093939,10.3,10.43333,10.362413,10.469944,10.356331606477609
123,France,2015-Q4,0.0934677423634955,0.271107504,10.26667,10.3,10.23205,10.294818,10.31842868075184
124,France,2016-Q1,-0.0401942709698843,0.31708975,10.3,10.26667,10.17678,10.250516,10.233067394357436
125,France,2016-Q2,-0.0065728344751159,-0.24417939,10.0,10.3,10.166594,10.301362,10.31145785600759
126,France,2016-Q3,0.2796923384277283,0.157743347,9.866667,10.0,9.946496,9.979174,9.918940273859016
127,France,2016-Q4,0.5002467569197755,0.651038821,10.06667,9.866667,9.78228,9.831572,9.769595604382808
128,France,2017-Q1,1.233083093754539,0.687158718,9.633333,10.06667,10.034023,10.063892,10.149647062245071
129,France,2017-Q2,0.8863950314072611,0.724581107,9.5,9.633333,9.541706,9.543322,9.58529012064337
130,France,2017-Q3,0.8699073612909558,0.726837571,9.466666,9.5,9.391768,9.381189,9.402932735921262
131,France,2017-Q4,1.1413872842727324,0.607319704,9.033334,9.466666,9.377959,9.3862705,9.45173225228821
132,France,2018-Q1,1.360432081173113,-0.036064933,9.266666,9.033334,8.926062,8.901246,8.949273202948804
133,France,2018-Q2,1.8954220621204776,0.220825854,9.1,9.266666,9.109408,9.238404,9.19042859160662
134,France,2018-Q3,2.248297260705523,0.533764486,8.933333,9.1,9.0739565,9.092223,9.162023673008864
135,France,2018-Q4,1.8962966754032529,0.725187736,8.766666,8.933333,8.866992,8.905009,8.886951994530184
136,France,2019-Q1,1.2213771867863432,0.965051687,8.733334,8.766666,8.640384,8.731047,8.718854400385602
137,France,2019-Q2,1.1238491445667131,0.494119479,8.5,8.733334,8.716984,8.678598,8.719825256850408
138,France,2019-Q3,1.0044427274483292,0.029738156,8.3,8.5,8.353853,8.3968315,8.443656891022773
139,France,2019-Q4,1.0849995170481908,-0.501994361,8.2,8.3,8.230083,8.21914,8.21295680465065
140,Germany,2015-Q1,-0.0511085824515422,-0.217414344,4.5,4.633333,4.60584,4.5871015,4.581033502916352
141,Germany,2015-Q2,0.9688878290603942,0.518879177,4.4,4.5,4.4367366,4.4804773,4.402894982570714
142,Germany,2015-Q3,0.7288836956714562,0.536865646,4.3,4.4,4.3577905,4.364716,4.2417068794097865
143,Germany,2015-Q4,0.4092317030401915,0.513444213,4.2,4.3,4.2412176,4.2510767,4.299964771793559
144,Germany,2016-Q1,0.3026227167642892,0.878685293,4.066667,4.2,4.125667,4.14945,4.089287883978784
145,Germany,2016-Q2,0.1328349448580512,0.222802888,4.0,4.066667,4.048421,3.9837854,3.941963118630144
146,Germany,2016-Q3,0.4973640006325164,0.35368132,3.866667,4.0,3.8737836,3.9496439,3.959620638872432
147,Germany,2016-Q4,1.0340271169611892,0.463197453,3.7,3.866667,3.8203773,3.8114576,3.7313272638670494
148,Germany,2017-Q1,1.642625920928431,1.297998769,3.633333,3.7,3.677106,3.6336744,3.565784345387581
149,Germany,2017-Q2,1.4267033161696308,0.712455197,3.566667,3.633333,3.472021,3.5457044,3.571347993744021
150,Germany,2017-Q3,1.550615436683933,0.795825138,3.466667,3.566667,3.4714098,3.4845657,3.5463203839854334
151,Germany,2017-Q4,1.4196378616308625,1.013747312,3.4,3.466667,3.3671112,3.4134328,3.349630771838079
152,Germany,2018-Q1,1.3193053267843036,-0.552463687,3.3,3.4,3.281145,3.339988,3.355538720731837
153,Germany,2018-Q2,1.7336656298752915,0.78595128,3.2,3.3,3.2817051,3.3043077,3.225346998096991
154,Germany,2018-Q3,1.8843837917851936,-0.654674072,3.166667,3.2,3.2313004,3.1879835,3.078720064730577
155,Germany,2018-Q4,1.9856059193240183,0.445787754,3.1,3.166667,3.2262228,3.2195046,3.176216729312148
156,Germany,2019-Q1,1.367154508377988,0.656051344,3.0,3.1,3.119656,3.1350608,3.022045967008036
157,Germany,2019-Q2,1.7042183019736037,0.057511159,2.9,3.0,3.0786173,2.999638,2.936260947566293
158,Germany,2019-Q3,1.4668467386189432,0.383184023,2.9,2.9,2.8156054,2.8679948,2.7855019846819946
159,Germany,2019-Q4,1.244893523930446,-0.334001322,3.0,2.9,2.8812506,2.8850121,2.9216500951751163
160,Ireland,2015-Q1,-0.6038615573314976,24.680386952,10.63333,10.86667,10.490316,10.588537,10.434978411914996
161,Ireland,2015-Q2,-0.4394280189707444,-2.581116614,10.06667,10.63333,9.496454,10.259225,10.194399031603986
162,Ireland,2015-Q3,-0.1998726457595134,2.490106696,9.533334,10.06667,8.942277,9.846138,9.491906925569596
163,Ireland,2015-Q4,-0.0805586332468855,0.132284165,9.433333,9.533334,9.659994,9.221382,9.104019082970188
164,Ireland,2016-Q1,-0.1214979895071355,-1.590348415,8.933333,9.433333,8.922715,9.323286,9.152170320700542
165,Ireland,2016-Q2,0.1605154039953316,-0.833891628,8.833333,8.933333,10.108007,8.855888,8.748811669632676
166,Ireland,2016-Q3,0.1201438540993748,0.171081564,8.233334,8.833333,9.351675,8.893378,8.490657162750194
167,Ireland,2016-Q4,-0.0806035542872729,10.752023018,7.566667,8.233334,8.312481,8.230429,8.036591548411492
168,Ireland,2017-Q1,0.5677172796358931,-2.131187311,7.266667,7.566667,7.418606,7.309935,7.172838107374148
169,Ireland,2017-Q2,0.2403872474316504,0.768104703,6.666667,7.266667,7.0057425,7.075727,6.606235213002324
170,Ireland,2017-Q3,0.2001320294759745,5.959241763,6.633333,6.666667,6.3359814,6.4541864,6.465658003024702
171,Ireland,2017-Q4,0.4437523345429683,3.201412151,6.433333,6.633333,6.6889706,6.37428,6.271609813397237
172,Ireland,2018-Q1,0.241958234754791,1.0712183,5.966667,6.433333,5.984259,6.0693226,6.1752317026417405
173,Ireland,2018-Q2,0.1598738486103812,0.248610358,5.866667,5.966667,6.4765987,5.6618733,5.857335609274241
174,Ireland,2018-Q3,0.7587446135284281,1.446489138,5.7,5.866667,5.9430175,5.6848903,5.58860023687573
175,Ireland,2018-Q4,0.7228995005058803,0.413628754,5.733333,5.7,5.6865144,5.503559,5.388508204313284
176,Ireland,2019-Q1,0.8446898073563691,1.207081159,5.033333,5.733333,5.618316,5.6932216,5.776792681406692
177,Ireland,2019-Q2,1.1571857148239273,1.309103668,5.166667,5.033333,4.8280005,4.912188,4.894731667278162
178,Ireland,2019-Q3,0.7134444645769289,2.685261896,5.0,5.166667,4.9480233,5.0503163,4.804609112060977
179,Ireland,2019-Q4,1.0366939122837149,0.88575562,4.8,5.0,4.9461193,4.8467884,5.026707457192141
180,Italy,2015-Q1,-0.2483679514229675,0.401049835,12.5,12.9,12.98999,12.940556,13.041678011040036
181,Italy,2015-Q2,0.0619615218949043,0.429805612,12.33333,12.5,12.382427,12.437717,12.41619113814355
182,Italy,2015-Q3,0.186099999999989,0.032661535,11.63333,12.33333,12.083404,12.222108,12.156632786768366
183,Italy,2015-Q4,0.1553771840270501,0.458112639,11.66667,11.63333,11.264538,11.441082,11.40277715041266
184,Italy,2016-Q1,-0.0949733483424974,0.205966557,11.63333,11.66667,11.394522,11.510212,11.389846003733629
185,Italy,2016-Q2,-0.390285655501521,0.323832193,11.7,11.63333,11.349081,11.559477,11.64625414528964
186,Italy,2016-Q3,-0.01936396366361,0.684095704,11.7,11.7,11.689701,11.691227,11.702987687152415
187,Italy,2016-Q4,0.1287497862425324,0.356796657,11.83333,11.7,11.543183,11.662067,11.696368358199612
188,Italy,2017-Q1,1.3396216121775328,0.483826656,11.6,11.83333,11.88171,11.849714,11.886609261406427
189,Italy,2017-Q2,1.5039806652400012,0.427879109,11.26667,11.6,11.493179,11.562964,11.586818839428483
190,Italy,2017-Q3,1.131413932973735,0.077280077,11.33333,11.26667,11.256552,11.182399,11.12225913188428
191,Italy,2017-Q4,0.9326779038381529,0.594199954,11.0,11.33333,11.225791,11.339799,11.270672976452897
192,Italy,2018-Q1,0.726999098810599,-0.144031699,10.93333,11.0,10.865343,10.941569,10.90589912528912
193,Italy,2018-Q2,0.9220286210170014,0.279012293,10.76667,10.93333,10.755526,10.897385,10.8145019467275
194,Italy,2018-Q3,1.4807502467917066,-0.088379295,10.23333,10.76667,10.817442,10.721196,10.681691997949706
195,Italy,2018-Q4,1.419108910891098,0.278240952,10.5,10.23333,10.187451,10.150161,10.03348052548276
196,Italy,2019-Q1,0.9514763779527646,0.224672872,10.36667,10.5,10.311112,10.472569,10.38099734714711
197,Italy,2019-Q2,0.848221582961961,0.39603157,10.0,10.36667,10.232623,10.36397,10.442274185528502
198,Italy,2019-Q3,0.3567120622568254,-0.541710962,9.6,10.0,10.013929,9.902223,9.852445610585844
199,Italy,2019-Q4,0.2928735089077428,-0.263166748,9.666667,9.6,9.423991,9.500225,9.416853785886168
200,Japan,2015-Q1,2.30207283889734,1.610956774,3.5,3.466667,3.4868577,3.5657253,3.420419497428613
201,Japan,2015-Q2,0.5786582678605878,0.059578867,3.366667,3.5,3.5410242,3.5064213,3.4894468691679235
202,Japan,2015-Q3,0.1017222841748877,0.147135416,3.366667,3.366667,3.3010108,3.3807213,3.335980487112019
203,Japan,2015-Q4,0.2381054042389419,-0.192167464,3.266667,3.366667,3.3799527,3.3669467,3.335438664894454
204,Japan,2016-Q1,0.0340890629767498,0.868462297,3.233333,3.266667,3.3720415,3.2515118,3.2131831258986856
205,Japan,2016-Q2,-0.3722776226565694,-0.34181815,3.166667,3.233333,3.248998,3.1827607,3.2157395172004923
206,Japan,2016-Q3,-0.4742948066545516,0.224788665,3.033333,3.166667,3.130814,3.1557143,3.142782227961581
207,Japan,2016-Q4,0.3053740432063412,0.015734312,3.0,3.033333,2.9520004,2.9934194,2.9667660302334324
208,Japan,2017-Q1,0.340834723682426,0.728214713,2.9,3.0,2.8977518,2.9703739,2.9628284357165504
209,Japan,2017-Q2,0.4076003726677824,0.321536821,2.866667,2.9,2.9409866,2.8404436,2.857174824900964
210,Japan,2017-Q3,0.6126592303185241,1.137915959,2.8,2.866667,2.6959481,2.794761,2.845470360240157
211,Japan,2017-Q4,0.5750947774934456,0.155861619,2.7,2.8,2.688659,2.7277215,2.7553165016421928
212,Japan,2018-Q1,1.2907245041072324,-0.154412986,2.466667,2.7,2.5931258,2.6476874,2.666230374779316
213,Japan,2018-Q2,0.6765762272227471,0.630479552,2.366667,2.466667,2.3928246,2.4199724,2.351730930536551
214,Japan,2018-Q3,1.11639563410455,-0.489514687,2.433333,2.366667,2.2873526,2.3303895,2.327823076860549
215,Japan,2018-Q4,0.8745098661126605,0.069809393,2.466667,2.433333,2.446334,2.4675686,2.395105374574013
216,Japan,2019-Q1,0.3018888061014024,0.129085698,2.466667,2.466667,2.531379,2.5358028,2.483558128876565
217,Japan,2019-Q2,0.7392620845487752,0.390455502,2.333333,2.466667,2.4385495,2.5358663,2.4764495984003427
218,Japan,2019-Q3,0.3345038833209468,0.05029814,2.333333,2.333333,2.2552722,2.30458,2.269034415663577
219,Japan,2019-Q4,0.5002304145201419,-2.878120864,2.3,2.333333,2.3412266,2.3290534,2.348960181266357
220,Korea,2015-Q1,0.6964459337892137,0.864458364,3.533333,3.633333,3.650168,3.6924462,3.6102867157151626
221,Korea,2015-Q2,0.5632269434504122,0.430065586,3.666667,3.533333,3.4922793,3.533359,3.503612965029513
222,Korea,2015-Q3,0.6463449360543105,1.48357306,3.633333,3.666667,3.64411,3.7042217,3.687750204817463
223,Korea,2015-Q4,0.9198577096366068,0.772851603,3.533333,3.633333,3.600238,3.5859172,3.5388653493953672
224,Korea,2016-Q1,0.8592949512047587,0.384973125,3.7,3.533333,3.4847655,3.4600408,3.579760258528351
225,Korea,2016-Q2,0.8402587803735706,1.25345778,3.566667,3.7,3.7305548,3.6981192,3.726982504923041
226,Korea,2016-Q3,0.7347542239638738,0.386719421,3.8,3.566667,3.5535865,3.5135758,3.4949885290001568
227,Korea,2016-Q4,1.452078801727752,0.770438323,3.666667,3.8,3.778321,3.823152,3.850284807004602
228,Korea,2017-Q1,2.2000952370537785,1.132992492,3.666667,3.666667,3.6309366,3.6705165,3.611579542072886
229,Korea,2017-Q2,1.921832830608028,0.725686533,3.666667,3.666667,3.665387,3.639196,3.6281607518780734
230,Korea,2017-Q3,2.218192586019563,1.371819158,3.766667,3.666667,3.6403394,3.646382,3.7083436654171287
231,Korea,2017-Q4,1.441045368504601,-0.21762689,3.666667,3.766667,3.7116342,3.7774723,3.690322337065912
232,Korea,2018-Q1,1.076317893626921,1.442904913,3.7,3.666667,3.6075485,3.7202954,3.800668429512009
233,Korea,2018-Q2,1.4924908173507,0.789427506,3.733333,3.7,3.6065745,3.6857238,3.559931628961219
234,Korea,2018-Q3,1.5469815596542702,0.547216544,4.166667,3.733333,3.648896,3.7167473,3.751038829201794
235,Korea,2018-Q4,1.7866886212313249,0.537922154,3.866667,4.166667,4.3114514,4.222528,4.154285477586943
236,Korea,2019-Q1,0.5424850376332779,0.033056163,3.833333,3.866667,3.8215315,3.8780022,3.8453637426363545
237,Korea,2019-Q2,0.6522531509582263,1.353250476,3.9,3.833333,3.795119,3.8819458,3.8795287344835914
238,Korea,2019-Q3,0.0446519722241856,0.270541984,3.733333,3.9,3.7968562,3.8551707,3.7607746232998975
239,Korea,2019-Q4,0.2955907475040709,0.954747623,3.566667,3.733333,3.763211,3.692118,3.813010917912888
240,Luxembourg,2015-Q1,-0.0067040233098669,-0.964408251,6.366667,6.166667,6.1268,6.0065317,6.268646102744423
241,Luxembourg,2015-Q2,0.5308016068775068,0.754484374,6.5,6.366667,6.300217,6.3813043,6.418205225880144
242,Luxembourg,2015-Q3,0.5588796305591837,-0.289761343,6.5,6.5,6.5781007,6.5613046,6.525389048199471
243,Luxembourg,2015-Q4,0.8155702764170769,0.158478687,6.5,6.5,6.6172023,6.6037292,6.5091078629043055
244,Luxembourg,2016-Q1,0.2483171622322366,3.067642329,6.4,6.5,6.5185595,6.5894055,6.482637757565766
245,Luxembourg,2016-Q2,0.0199256176692363,1.550395369,6.3,6.4,6.387884,6.2897573,6.362167902410938
246,Luxembourg,2016-Q3,0.1663227399924194,0.78895323,6.3,6.3,6.202249,6.1383524,6.255234816338608
247,Luxembourg,2016-Q4,0.7291010184442559,0.541068759,6.3,6.3,6.222432,6.17705,6.319137486907841
248,Luxembourg,2017-Q1,1.737198210062041,-1.412976908,5.9,6.3,6.3972354,6.2629924,6.272938785498179
249,Luxembourg,2017-Q2,1.70997466962437,1.064938438,5.533333,5.9,5.8761244,5.879228,5.645820161771245
250,Luxembourg,2017-Q3,1.88043251841612,1.170018315,5.566667,5.533333,5.4951105,5.456985,5.488862423499181
251,Luxembourg,2017-Q4,1.5963781056246962,0.74596645,5.466667,5.566667,5.431377,5.5175014,5.609299955693811
252,Luxembourg,2018-Q1,1.0857409639208448,-0.142693069,5.566667,5.466667,5.470174,5.3967896,5.393147240055069
253,Luxembourg,2018-Q2,1.282930173342467,-0.210056628,5.533333,5.566667,5.613576,5.5967,5.697014702526471
254,Luxembourg,2018-Q3,1.695656427313641,0.791885588,5.633333,5.533333,5.65534,5.6001363,5.394116032852299
255,Luxembourg,2018-Q4,2.043072983204719,0.564197335,5.4,5.633333,5.6106467,5.6685715,5.765331955536382
256,Luxembourg,2019-Q1,2.040750566576799,0.338358691,5.5,5.4,5.384841,5.3887196,5.201204947589589
257,Luxembourg,2019-Q2,2.011216399149096,1.621490085,5.633333,5.5,5.414491,5.514663,5.662004789584413
258,Luxembourg,2019-Q3,1.5809021935811574,0.51636533,5.666667,5.633333,5.6297927,5.594929,5.613813787265904
259,Luxembourg,2019-Q4,1.3485505950360022,0.612896685,5.633333,5.666667,5.7056584,5.674067,5.716606796486513
260,Mexico,2015-Q1,3.067722765968384,0.492210101,4.327652,4.498447,4.514241,4.413019,4.426871974289021
261,Mexico,2015-Q2,2.936691050238216,0.870609753,4.459894,4.327652,4.289013,4.2486567,4.317378541954678
262,Mexico,2015-Q3,2.6147963118423823,1.179583678,4.325769,4.459894,4.317254,4.4128666,4.433761588094184
263,Mexico,2015-Q4,2.2743695052268142,-0.295356267,4.299985,4.325769,4.271595,4.2268643,4.289205467908968
264,Mexico,2016-Q1,2.693726033644439,-0.124440149,4.138545,4.299985,4.2496443,4.2728953,4.384035622263972
265,Mexico,2016-Q2,2.558674591516952,0.46148064,3.984845,4.138545,4.0818315,4.131349,4.139204528105377
266,Mexico,2016-Q3,2.784056360136012,0.874202639,3.784792,3.984845,3.948298,3.9589624,3.942560695964203
267,Mexico,2016-Q4,3.243535079461779,1.115079344,3.633149,3.784792,3.6912677,3.6963007,3.775900086676679
268,Mexico,2017-Q1,4.9789051803248,0.586679603,3.476903,3.633149,3.546227,3.5007474,3.638462448549771
269,Mexico,2017-Q2,6.097956790286885,0.104934926,3.4753,3.476903,3.2607694,3.3558366,3.555594439476679
270,Mexico,2017-Q3,6.482936664235828,-0.588696822,3.275204,3.4753,3.546068,3.430795,3.520646661030336
271,Mexico,2017-Q4,6.593870737262297,1.392686425,3.447579,3.275204,3.453857,3.357856,3.339315701929336
272,Mexico,2018-Q1,5.305799849746262,1.252900968,3.209983,3.447579,3.3340209,3.5269372,3.341119693439765
273,Mexico,2018-Q2,4.568001072083772,-0.304183982,3.333898,3.209983,3.0668435,3.19878,3.225964360763495
274,Mexico,2018-Q3,4.91208602056028,0.409285697,3.235572,3.333898,3.5244408,3.3869505,3.470986938280351
275,Mexico,2018-Q4,4.816645446842771,-0.194012841,3.368537,3.235572,3.268226,3.24288,3.239867056195605
276,Mexico,2019-Q1,4.102894595629159,0.01513852,3.43338,3.368537,3.6050448,3.4247272,3.4257177983801226
277,Mexico,2019-Q2,4.213955601357911,-0.281020818,3.541282,3.43338,3.3774178,3.534221,3.433876557276605
278,Mexico,2019-Q3,3.3124638915603466,0.023633713,3.469288,3.541282,3.6508796,3.618272,3.593541672179048
279,Mexico,2019-Q4,2.9404402688245845,-0.751369967,3.423834,3.469288,3.601035,3.5222669,3.455945196351632
280,Netherlands,2015-Q1,0.1621019270575896,0.39261076,8.166667,8.133333,8.048499,7.9883556,8.080196922666483
281,Netherlands,2015-Q2,0.8807803376014833,0.4245961,8.0,8.166667,8.127645,8.084915,8.199993466681848
282,Netherlands,2015-Q3,0.7333544207022147,0.474892403,7.733333,8.0,7.837146,7.919574,7.930823196533196
283,Netherlands,2015-Q4,0.6205172066814146,0.235065536,7.733333,7.733333,7.604392,7.6299176,7.641793330961288
284,Netherlands,2016-Q1,0.5833001983647446,0.649308258,7.433333,7.733333,7.608339,7.675925,7.641660492393367
285,Netherlands,2016-Q2,0.0032865252465041,0.772347177,7.233333,7.433333,7.347494,7.3465643,7.287723368545902
286,Netherlands,2016-Q3,0.0066514444554632,0.893175427,6.833333,7.233333,7.1273594,7.128212,7.202375381175125
287,Netherlands,2016-Q4,0.6800526457531042,0.802826578,6.533333,6.833333,6.658745,6.649307,6.509016623599623
288,Netherlands,2017-Q1,1.528559935639584,0.593429918,6.3,6.533333,6.2762885,6.326089,6.35825016219459
289,Netherlands,2017-Q2,1.248241019864893,0.509594212,6.066667,6.3,6.0331793,6.1166,6.126430575237066
290,Netherlands,2017-Q3,1.3897616261005163,0.758830554,5.766667,6.066667,5.9978337,5.9078817,6.089633284079237
291,Netherlands,2017-Q4,1.3607915237587198,0.631260035,5.433333,5.766667,5.6272764,5.617001,5.546551606587718
292,Netherlands,2018-Q1,1.228209191759122,0.717050122,5.1,5.433333,5.240854,5.27781,5.249683169910095
293,Netherlands,2018-Q2,1.5179995022952308,0.456399255,4.9,5.1,4.88085,4.9339747,4.881691112262598
294,Netherlands,2018-Q3,2.029926559209372,0.254854198,4.866667,4.9,4.7965217,4.7620826,4.79324027512527
295,Netherlands,2018-Q4,2.0317168512063555,0.278082076,4.633333,4.866667,4.738869,4.7764134,4.8474461061625504
296,Netherlands,2019-Q1,2.5408023483366016,1.249766573,4.466667,4.633333,4.4892306,4.583207,4.575356981156678
297,Netherlands,2019-Q2,2.65797887801571,0.447258123,4.333333,4.466667,4.3089356,4.376494,4.350754554586424
298,Netherlands,2019-Q3,2.667690240859799,0.457660652,4.466667,4.333333,4.145374,4.2496643,4.213607075551371
299,Netherlands,2019-Q4,2.666826738378792,0.057118313,4.433333,4.466667,4.440942,4.45505,4.569069827025287
300,New Zealand,2015-Q1,0.2516815407546335,0.333141252,5.5,5.5,5.495048,5.409689,5.482207674883304
301,New Zealand,2015-Q2,0.418372670908429,0.78252598,5.5,5.5,5.3619437,5.4852915,5.620768680384027
302,New Zealand,2015-Q3,0.4170269084077249,0.967000873,5.7,5.5,5.40537,5.508937,5.455924031989699
303,New Zealand,2015-Q4,0.0835367232464801,1.022999859,5.0,5.7,5.7001786,5.7234473,5.706299629634564
304,New Zealand,2016-Q1,0.418372670908429,1.236119841,5.3,5.0,5.011933,4.8769283,5.035073322013032
305,New Zealand,2016-Q2,0.4167395377888905,0.877828366,5.1,5.3,5.132185,5.186645,5.278413107371525
306,New Zealand,2016-Q3,0.4152551742547805,0.991571641,5.0,5.1,5.04874,5.0043516,5.164580153427939
307,New Zealand,2016-Q4,1.3355220145958135,0.257308754,5.3,5.0,4.9648943,4.8915052,5.017765819542189
308,New Zealand,2017-Q1,2.166745783885071,1.129590545,4.9,5.3,5.3220344,5.3351398,5.335340880422946
309,New Zealand,2017-Q2,1.7427435447031403,0.813103149,4.9,4.9,4.8869705,4.847342,4.87321400858624
310,New Zealand,2017-Q3,1.9024332179381709,0.73533065,4.7,4.9,4.862412,4.862084,5.006930987445754
311,New Zealand,2017-Q4,1.5943905901319777,0.915741882,4.5,4.7,4.5874887,4.668709,4.711935471212429
312,New Zealand,2018-Q1,1.099964198586334,0.935127562,4.4,4.5,4.480425,4.426744,4.541417901570251
313,New Zealand,2018-Q2,1.4999422873386292,0.911937504,4.6,4.4,4.337771,4.313718,4.440301006811031
314,New Zealand,2018-Q3,1.901277999121964,0.091169367,4.0,4.6,4.5682993,4.566303,4.594445485485691
315,New Zealand,2018-Q4,1.8886876129746044,1.511713382,4.3,4.0,3.98672,3.9162874,4.091073078471264
316,New Zealand,2019-Q1,1.4837197196848615,0.867388703,4.2,4.3,4.2123957,4.2345557,4.258403417717002
317,New Zealand,2019-Q2,1.674858332369622,0.062426844,4.1,4.2,4.1590667,4.1623454,4.298891135224909
318,New Zealand,2019-Q3,1.464883396810035,0.776729315,4.1,4.1,4.1439595,4.073631,4.160801040139747
319,New Zealand,2019-Q4,1.8536774368405065,1.041586059,4.1,4.1,4.034961,4.088554,4.106928910262136
320,Norway,2015-Q1,1.9587628865979527,0.55126782,4.5,3.966667,4.085697,3.9986615,3.970991636004933
321,Norway,2015-Q2,2.218443837436457,0.377271374,4.566667,4.5,4.582924,4.6399703,4.501194229916395
322,Norway,2015-Q3,2.0020394299979483,0.835316211,4.733333,4.566667,4.638263,4.696713,4.5692847278084034
323,Norway,2015-Q4,2.5017241379310384,-0.628092767,4.9,4.733333,4.7509346,4.8249717,4.725065158340139
324,Norway,2016-Q1,3.1681496461071657,0.427904296,5.1,4.9,5.0309196,5.056403,4.901337668875484
325,Norway,2016-Q2,3.472447180470972,0.374958221,4.933333,5.1,5.1640096,5.240847,5.093048302877822
326,Norway,2016-Q3,3.9920159680638654,-0.728197516,4.9,4.933333,4.9743085,4.988181,4.924666697021673
327,Norway,2016-Q4,3.562004102241389,2.431190287,4.666667,4.9,4.993479,5.02333,4.899044241556409
328,Norway,2017-Q1,2.5809221107226943,0.381340416,4.433333,4.666667,4.6340027,4.601666,4.652976282577652
329,Norway,2017-Q2,2.0974830590513083,1.468914709,4.6,4.433333,4.3416533,4.347478,4.435806479801381
330,Norway,2017-Q3,1.5035508637236017,0.729692941,4.166667,4.6,4.5675073,4.4859867,4.59893552012669
331,Norway,2017-Q4,1.337579191853755,-1.170341076,4.2,4.166667,4.033832,4.010247,4.176825670925011
332,Norway,2018-Q1,2.0063687877806435,0.875116021,4.066667,4.2,4.0533333,4.151815,4.221837584195886
333,Norway,2018-Q2,2.4019903912799068,0.28237126,4.0,4.066667,3.999863,3.9936879,4.070510241851626
334,Norway,2018-Q3,3.277591151090098,0.958393038,4.133333,4.0,3.923218,3.9515128,4.011062741355597
335,Norway,2018-Q4,3.3626010802636497,-0.633080145,3.866667,4.133333,4.066944,4.096351,4.139509491535274
336,Norway,2019-Q1,2.9971891985047794,0.383429811,3.966667,3.866667,3.9344273,3.8915334,3.885026933928199
337,Norway,2019-Q2,2.438240740740749,0.217672106,3.5,3.966667,3.8297887,4.025616,3.966423795543027
338,Norway,2019-Q3,1.6478491449036126,0.307217913,3.9,3.5,3.4012814,3.4555347,3.5189382381085967
339,Norway,2019-Q4,1.6114629405481695,2.60294895,4.166667,3.9,3.7303162,3.936162,3.909121626351235
340,Portugal,2015-Q1,-0.0951930057893846,0.599543366,14.0,14.0,13.763194,13.713363,13.925309148196469
341,Portugal,2015-Q2,0.7181721872589808,0.070577611,12.83333,14.0,13.66504,13.848397,14.079134215474715
342,Portugal,2015-Q3,0.7669317955495636,0.165405326,12.5,12.83333,12.45306,12.590241,12.062671901664684
343,Portugal,2015-Q4,0.5580619491247552,0.473923452,12.6,12.5,12.039065,12.2814045,12.346153274811046
344,Portugal,2016-Q1,0.5441446127994576,0.345066197,12.56667,12.6,12.413346,12.458739,12.63971080125925
345,Portugal,2016-Q2,0.451330949543105,0.466148014,11.6,12.56667,12.551269,12.498242,12.5403107026513
346,Portugal,2016-Q3,0.654596615202907,1.106030055,11.03333,11.6,11.508968,11.476145,11.034585364615143
347,Portugal,2016-Q4,0.7790991385967505,1.130983753,10.66667,11.03333,10.715441,10.781286,10.66051086743281
348,Portugal,2017-Q1,1.4173866049980388,0.968711381,10.23333,10.66667,10.516758,10.355685,10.476984120286026
349,Portugal,2017-Q2,1.4452055878118708,0.286867987,9.5,10.23333,9.913747,9.949975,9.95099011686948
350,Portugal,2017-Q3,1.142735178493437,0.68356408,8.866667,9.5,9.147804,9.19873,9.129584650502212
351,Portugal,2017-Q4,1.4690324634620389,0.942245998,8.266666,8.866667,8.767692,8.541304,8.448188060966347
352,Portugal,2018-Q1,0.7655391353245999,0.586055338,7.933333,8.266666,7.878389,7.9354177,7.8473508706999295
353,Portugal,2018-Q2,0.9842488985925436,0.955858864,7.233333,7.933333,7.543325,7.647282,7.820647693059214
354,Portugal,2018-Q3,1.396895068956483,0.670994421,6.833333,7.233333,6.858641,6.936769,6.705815944766906
355,Portugal,2018-Q4,0.8271686258613631,0.622491035,6.733333,6.833333,6.433714,6.5273404,6.615235390712603
356,Portugal,2019-Q1,0.7539162306550606,0.823701002,6.733333,6.733333,6.4485717,6.502402,6.713617781653919
357,Portugal,2019-Q2,0.5260323263755584,0.554516942,6.7,6.733333,6.4612226,6.589241,6.679157133281854
358,Portugal,2019-Q3,-0.1708511484778685,0.412824343,6.4,6.7,6.3930116,6.5947027,6.711019242919329
359,Portugal,2019-Q4,0.2501060631392215,0.928495529,6.766667,6.4,6.3266745,6.3045125,6.227510959710132
360,Spain,2015-Q1,-1.01877517389235,1.217256656,23.13333,23.8,23.53663,23.46935,23.5050973398954
361,Spain,2015-Q2,-0.2539231422345578,1.119751827,22.5,23.13333,22.640028,22.807896,22.625284141978167
362,Spain,2015-Q3,-0.4113012107300529,0.917190225,21.63333,22.5,22.023846,22.135305,22.00117000156602
363,Spain,2015-Q4,-0.3214581245163606,0.893238249,21.0,21.63333,21.093014,21.217712,21.050679691113405
364,Spain,2016-Q1,-0.6579140113135651,0.694437279,20.4,21.0,20.56165,20.59114,20.414919077161667
365,Spain,2016-Q2,-0.9452010762161068,0.330990101,20.13333,20.4,19.985695,20.045238,19.96217474515127
366,Spain,2016-Q3,-0.1840016212408257,0.790529982,19.3,20.13333,20.00826,19.856503,19.919479655497693
367,Spain,2016-Q4,0.9740618899032992,0.568149192,18.73333,19.3,18.968653,18.941275,18.49860764358411
368,Spain,2017-Q1,2.743456660206389,0.708021671,18.2,18.73333,18.317286,18.371124,18.353304084786377
369,Spain,2017-Q2,1.997538981976632,1.04589463,17.36667,18.2,17.868626,17.878426,17.709962495246856
370,Spain,2017-Q3,1.653770901596796,0.631405231,16.76667,17.36667,16.990986,17.053967,16.79021916916207
371,Spain,2017-Q4,1.4485773306579963,0.60907612,16.66667,16.76667,16.290401,16.441338,16.289803815100342
372,Spain,2018-Q1,0.9536573029759854,0.42739083,16.16667,16.66667,16.330545,16.400803,16.48432817333141
373,Spain,2018-Q2,1.801662030277118,0.652154154,15.46667,16.16667,15.981088,15.944165,15.844539145390188
374,Spain,2018-Q3,2.231421269205347,0.55827004,14.83333,15.46667,15.16445,15.227481,14.800151678136306
375,Spain,2018-Q4,1.709735980340077,0.585318606,14.56667,14.83333,14.610228,14.560428,14.39416315584459
376,Spain,2019-Q1,1.1359313539015536,0.613160471,14.23333,14.56667,14.305356,14.32296,14.321924873482644
377,Spain,2019-Q2,0.9176833944061212,0.288390842,14.23333,14.23333,13.762112,14.019062,13.94447341153245
378,Spain,2019-Q3,0.3123543078543234,0.191497026,14.1,14.23333,13.890444,14.0697975,14.25146970126934
379,Spain,2019-Q4,0.4409575953750355,0.570554469,13.9,14.1,13.980064,13.995159,14.000495704048728
380,Sweden,2015-Q1,0.0106871485282766,1.224790268,7.866667,7.933333,7.9139977,7.902015,7.878177474672552
381,Sweden,2015-Q2,-0.2025393710210044,2.484241723,7.733333,7.866667,7.751483,7.805244,7.819684189700767
382,Sweden,2015-Q3,-0.0606462674070718,-0.087121784,7.233333,7.733333,7.614591,7.5961947,7.693696951886294
383,Sweden,2015-Q4,0.0658883850756852,1.005657306,7.2,7.233333,7.011799,7.065249,6.909122958286114
384,Sweden,2016-Q1,0.651144029808437,-0.51602806,7.233333,7.2,7.1071825,7.0668187,7.216312870013448
385,Sweden,2016-Q2,0.8141999346481521,1.079188548,7.0,7.233333,7.205014,7.2430453,7.253608309347777
386,Sweden,2016-Q3,1.0337115944651254,0.262399047,6.966667,7.0,7.0136356,6.9671545,6.935882238078398
387,Sweden,2016-Q4,1.435919844685607,0.561611154,7.033333,6.966667,6.9464016,6.9612694,6.961409781962798
388,Sweden,2017-Q1,1.478287742244189,0.838364389,6.833333,7.033333,6.9908442,7.0610366,7.097101412501372
389,Sweden,2017-Q2,1.7778042095977442,0.223630011,6.833333,6.833333,6.9401255,6.8145585,6.779461070151839
390,Sweden,2017-Q3,2.154719038529862,0.317914146,6.8,6.833333,6.8483133,6.8276443,6.846276665565792
391,Sweden,2017-Q4,1.7650408607057688,0.612343037,6.733333,6.8,6.844346,6.8484564,6.824137414998018
392,Sweden,2018-Q1,1.6960574645684678,0.503264555,6.3,6.733333,6.8282957,6.7571616,6.779037645372746
393,Sweden,2018-Q2,1.8989677850375088,0.578508577,6.366667,6.3,6.2660055,6.225665,6.066751440156674
394,Sweden,2018-Q3,2.123702652569981,-0.179340363,6.533333,6.366667,6.2908454,6.3070383,6.456435687246952
395,Sweden,2018-Q4,2.091151674941249,1.335026996,6.633333,6.533333,6.595546,6.5615277,6.682757944158072
396,Sweden,2019-Q1,1.873332470387768,0.292178978,6.866667,6.633333,6.710362,6.660861,6.745882076262082
397,Sweden,2019-Q2,2.0282513953666204,1.296205124,6.533333,6.866667,6.814596,6.94925,7.0343235119328975
398,Sweden,2019-Q3,1.517470976553592,-0.288312739,7.133333,6.533333,6.5838437,6.46598,6.378914673921832
399,Sweden,2019-Q4,1.7210530800034096,1.714925972,7.133333,7.133333,7.0335083,7.249108,7.492126634504224
400,United Kingdom,2015-Q1,0.4040404040404066,0.303654985,5.5,5.7,5.515304,5.492383,5.521480062335027
401,United Kingdom,2015-Q2,0.3009027081243731,0.456550248,5.6,5.5,5.350135,5.361037,5.38877104739565
402,United Kingdom,2015-Q3,0.4008016032064132,0.387741019,5.3,5.6,5.4489655,5.5410347,5.642537446462518
403,United Kingdom,2015-Q4,0.4000000000000003,0.599259538,5.1,5.3,5.146852,5.21587,5.133552776859645
404,United Kingdom,2016-Q1,0.7042253521126751,0.503402104,5.1,5.1,4.9410048,4.994466,4.972415710826405
405,United Kingdom,2016-Q2,0.8000000000000007,0.735563487,4.9,5.1,4.959049,5.027729,5.105912228901803
406,United Kingdom,2016-Q3,0.9980039920159722,0.441482173,4.8,4.9,4.8120604,4.8288674,4.775741590497482
407,United Kingdom,2016-Q4,1.4940239043824688,0.618994841,4.7,4.8,4.6528597,4.732038,4.758418722906427
408,United Kingdom,2017-Q1,2.19780219780219,0.953971766,4.6,4.7,4.5793242,4.640221,4.621832566054587
409,United Kingdom,2017-Q2,2.5793650793650924,0.853123059,4.4,4.6,4.504848,4.5312233,4.530368491541332
410,United Kingdom,2017-Q3,2.667984189723316,0.676756016,4.3,4.4,4.213072,4.3122253,4.30396303446224
411,United Kingdom,2017-Q4,2.747791952894985,0.750541521,4.4,4.3,4.231842,4.257889,4.248544542925483
412,United Kingdom,2018-Q1,2.4437927663734094,0.078511925,4.2,4.4,4.388873,4.399798,4.447074975961897
413,United Kingdom,2018-Q2,2.321083172146987,0.21756284,4.0,4.2,4.247967,4.207797,4.127068512053748
414,United Kingdom,2018-Q3,2.3099133782483072,0.317064438,4.1,4.0,3.9888926,3.9944506,3.8519838919710008
415,United Kingdom,2018-Q4,2.101241642788932,0.129751899,4.0,4.1,4.0812297,4.1131024,4.156277709047969
416,United Kingdom,2019-Q1,1.8129770992366456,0.503836163,3.8,4.0,4.129034,4.01303,3.956946589700105
417,United Kingdom,2019-Q2,1.8903591682419616,0.213237239,3.9,3.8,3.7896903,3.7775805,3.6653896699221415
418,United Kingdom,2019-Q3,1.7873941674506175,0.550627929,3.9,3.9,3.8378105,3.8726273,3.970642919166676
419,United Kingdom,2019-Q4,1.4031805425631427,0.005965279,3.7,3.9,3.917339,3.8858118,3.886195344344903
420,United States,2015-Q1,-0.0626944071263402,0.900484978,5.533333,5.7,5.5472326,5.535072,5.424489203890894
421,United States,2015-Q2,-0.0382781224580908,0.619405087,5.433333,5.533333,5.4727626,5.404366,5.449191148323648
422,United States,2015-Q3,0.1095253172749277,0.400245061,5.1,5.433333,5.245433,5.3356795,5.330650070448785
423,United States,2015-Q4,0.4662308594059361,0.184479126,5.033333,5.1,4.99433,4.966767,4.904078962525096
424,United States,2016-Q1,1.080239437802355,0.579519406,4.9,5.033333,4.878762,4.939499,5.009694172599973
425,United States,2016-Q2,1.0470682090147454,0.321124068,4.933333,4.9,4.672063,4.8332434,4.837901227129009
426,United States,2016-Q3,1.1176268158824998,0.709390255,4.9,4.933333,4.8563156,4.932184,5.004205329009558
427,United States,2016-Q4,1.8006595991052254,0.554299113,4.766667,4.9,4.7669263,4.8999176,4.899422274296436
428,United States,2017-Q1,2.5393437025114984,0.48689021,4.566667,4.766667,4.8077235,4.743312,4.683966691258314
429,United States,2017-Q2,1.9020033553735385,0.559872562,4.366667,4.566667,4.5508447,4.512719,4.469655339964811
430,United States,2017-Q3,1.9669096492375584,0.788524131,4.333333,4.366667,4.260104,4.3073783,4.301844679533533
431,United States,2017-Q4,2.1175071201863904,1.127046627,4.166667,4.333333,4.2217803,4.3023906,4.308746245561355
432,United States,2018-Q1,2.2142355677897907,0.813409802,4.033333,4.166667,4.0943766,4.082979,4.105165585601478
433,United States,2018-Q2,2.711866376517702,0.530825141,3.933333,4.033333,3.9592764,3.9380093,3.9803366980912527
434,United States,2018-Q3,2.64096123349038,0.623697425,3.766667,3.933333,3.8756948,3.86186,3.896749851331448
435,United States,2018-Q4,2.20315037817993,0.141644219,3.833333,3.766667,3.697239,3.6940088,3.724461907828364
436,United States,2019-Q1,1.644897597575001,0.624318082,3.866667,3.833333,3.7868164,3.8414073,3.925088738775022
437,United States,2019-Q2,1.811375904580048,0.835145841,3.633333,3.866667,3.8324888,3.896494,3.948067257801478
438,United States,2019-Q3,1.7575367982211263,1.170001857,3.6,3.633333,3.5959494,3.563095,3.487982307454613
439,United States,2019-Q4,2.0329423358666388,0.68187787,3.6,3.6,3.535125,3.5124514,3.6514534708709054
