,Reference area,TIME_PERIOD,OBS_VALUE
2285,Australia,1994-Q1,1.4851510657249323
3707,Norway,1994-Q1,1.2435076431598135
3522,New Zealand,1994-Q1,1.3032035592361435
564,Portugal,1994-Q1,6.284907568128806
5674,Spain,1994-Q1,4.997026299464458
8077,France,1994-Q1,1.698283261802569
4260,Sweden,1994-Q1,1.6401408976280285
3154,Netherlands,1994-Q1,2.967537412639798
6360,Italy,1994-Q1,4.373008580379234
5235,Austria,1994-Q1,3.0892349884958925
1917,United States,1994-Q1,2.5157092074887366
8814,Canada,1994-Q1,0.5479569314649879
8445,Belgium,1994-Q1,2.409133334850999
7525,Denmark,1994-Q1,1.7707162523171949
2976,Mexico,1994-Q1,7.25767196121947
5489,Korea,1994-Q1,6.519702830681573
6795,Ireland,1994-Q1,1.7295601001522831
2100,United Kingdom,1994-Q1,2.392344497607657
5858,Japan,1994-Q1,1.198878406244619
239,Luxembourg,1994-Q1,2.5065709965695238
8261,Finland,1994-Q1,0.2894405682357437
8629,Germany,1994-Q1,2.9720277017459384
8446,Belgium,1994-Q2,2.573575818409801
8262,Finland,1994-Q2,0.5454076052179513
3523,New Zealand,1994-Q2,1.0936039858436386
5490,Korea,1994-Q2,5.839047373407036
2101,United Kingdom,1994-Q2,2.3622047244094446
8815,Canada,1994-Q2,0.0
5675,Spain,1994-Q2,4.837704064599491
5236,Austria,1994-Q2,2.938220984707174
5859,Japan,1994-Q2,0.7686981429400497
8078,France,1994-Q2,1.6964009764064647
2977,Mexico,1994-Q2,6.925281452330889
3155,Netherlands,1994-Q2,2.913206927088363
240,Luxembourg,1994-Q2,2.131602994306414
6796,Ireland,1994-Q2,2.6771628340932274
8630,Germany,1994-Q2,2.772948488770788
3708,Norway,1994-Q2,0.9753696599265727
6361,Italy,1994-Q2,4.062952354960858
4261,Sweden,1994-Q2,2.027018855301166
2286,Australia,1994-Q2,1.8092055745895674
565,Portugal,1994-Q2,5.891221900918553
7526,Denmark,1994-Q2,2.0067508030251036
1918,United States,1994-Q2,2.3809523809523725
2978,Mexico,1994-Q3,6.752281810938432
566,Portugal,1994-Q3,5.094226083968101
8079,France,1994-Q3,1.6244258830809821
3524,New Zealand,1994-Q3,1.7745694259815759
2102,United Kingdom,1994-Q3,2.0408163265306145
8631,Germany,1994-Q3,2.581753902885331
6797,Ireland,1994-Q3,2.4961031581857585
8447,Belgium,1994-Q3,2.5389445095212793
1919,United States,1994-Q3,2.8781930168667813
5676,Spain,1994-Q3,4.692495850137046
8816,Canada,1994-Q3,0.1556474616757786
241,Luxembourg,1994-Q3,2.1226607806874576
5237,Austria,1994-Q3,3.028198766697221
2287,Australia,1994-Q3,1.9640027117888925
5491,Korea,1994-Q3,6.9121840742505825
7527,Denmark,1994-Q3,2.091083898793089
4262,Sweden,1994-Q3,2.591367133531497
5860,Japan,1994-Q3,0.0
3709,Norway,1994-Q3,1.5400411468193598
6362,Italy,1994-Q3,3.82435917536883
3156,Netherlands,1994-Q3,2.6715270041112626
8263,Finland,1994-Q3,1.7877796595408002
6798,Ireland,1994-Q4,2.3328080478519198
8080,France,1994-Q4,1.6036539046609732
5238,Austria,1994-Q4,2.759786191702829
8448,Belgium,1994-Q4,1.991867538971781
567,Portugal,1994-Q4,4.453499303414521
1920,United States,1994-Q4,2.6526446691255146
8817,Canada,1994-Q4,-0.03871969805102626
3157,Netherlands,1994-Q4,2.658597970530985
5677,Spain,1994-Q4,4.358170301054742
5492,Korea,1994-Q4,5.800547374979392
3710,Norway,1994-Q4,1.7417980665062505
5861,Japan,1994-Q4,0.8022417091686052
2288,Australia,1994-Q4,2.6143734503026206
8264,Finland,1994-Q4,1.7310418263422944
4263,Sweden,1994-Q4,2.3703443064847285
242,Luxembourg,1994-Q4,2.0232856598146665
2979,Mexico,1994-Q4,6.9378054469946715
6363,Italy,1994-Q4,3.9551231648115692
7528,Denmark,1994-Q4,2.0969097212510945
8632,Germany,1994-Q4,2.450574043955922
3525,New Zealand,1994-Q4,2.8000028463830873
2103,United Kingdom,1994-Q4,2.1909233176838683
8633,Germany,1995-Q1,2.0797956797324657
2104,United Kingdom,1995-Q1,2.336448598130847
2289,Australia,1995-Q1,3.7398417825238006
8818,Canada,1995-Q1,1.5181052896686698
1921,United States,1995-Q1,2.8402781581305714
2980,Mexico,1995-Q1,15.006163594037947
5493,Korea,1995-Q1,4.758909625200181
8449,Belgium,1995-Q1,1.8130531348861112
4264,Sweden,1995-Q1,2.57617276257045
243,Luxembourg,1995-Q1,2.2881226768971974
5239,Austria,1995-Q1,2.4661056689785577
3158,Netherlands,1995-Q1,2.4016771751627086
7529,Denmark,1995-Q1,2.355002787205329
5678,Spain,1995-Q1,4.767829326843276
568,Portugal,1995-Q1,4.650829811417068
8081,France,1995-Q1,1.760670610306736
6799,Ireland,1995-Q1,2.472955436666391
8265,Finland,1995-Q1,1.7100694636906333
3711,Norway,1995-Q1,2.661218150522937
3526,New Zealand,1995-Q1,4.000006325295735
6364,Italy,1995-Q1,4.356277437529865
5862,Japan,1995-Q1,0.20905496191609974
6365,Italy,1995-Q2,5.334067839875667
5863,Japan,1995-Q2,-0.034678464019921584
8450,Belgium,1995-Q2,1.4569455415777588
2981,Mexico,1995-Q2,33.76846689938389
3527,New Zealand,1995-Q2,4.581681527017167
4265,Sweden,1995-Q2,2.746025578894651
569,Portugal,1995-Q2,4.349190037225359
2105,United Kingdom,1995-Q2,2.6153846153846194
244,Luxembourg,1995-Q2,2.184566979602498
5679,Spain,1995-Q2,5.124400858169897
6800,Ireland,1995-Q2,2.7607437503857524
8082,France,1995-Q2,1.6320183205437822
2290,Australia,1995-Q2,4.523428532066198
5240,Austria,1995-Q2,2.5317620792663975
5494,Korea,1995-Q2,4.825547634460903
3712,Norway,1995-Q2,2.694463513245382
3159,Netherlands,1995-Q2,2.1752173312177048
8266,Finland,1995-Q2,1.1712764686694799
1922,United States,1995-Q2,3.0932563662260826
8634,Germany,1995-Q2,1.7285107476764816
7530,Denmark,1995-Q2,2.28064671586361
8819,Canada,1995-Q2,2.6953211616743245
8635,Germany,1995-Q3,1.5520241221246067
3713,Norway,1995-Q3,2.3255916241451624
245,Luxembourg,1995-Q3,1.6537753052073834
3528,New Zealand,1995-Q3,3.5433173810536234
7531,Denmark,1995-Q3,1.8399585536915453
2291,Australia,1995-Q3,5.136425777705589
6801,Ireland,1995-Q3,2.435299711466987
5495,Korea,1995-Q3,3.903780938239576
5864,Japan,1995-Q3,0.03477677268270973
8267,Finland,1995-Q3,0.3665845373426846
8083,France,1995-Q3,1.810076995812504
1923,United States,1995-Q3,2.6410102653614542
8451,Belgium,1995-Q3,1.2243253292845147
5680,Spain,1995-Q3,4.442681251362357
5241,Austria,1995-Q3,2.1008058154236897
8820,Canada,1995-Q3,2.3309951444423493
570,Portugal,1995-Q3,4.031548190032819
3160,Netherlands,1995-Q3,1.596683629720408
4266,Sweden,1995-Q3,2.3108671000285463
6366,Italy,1995-Q3,5.648022202293923
2106,United Kingdom,1995-Q3,2.9230769230769393
2982,Mexico,1995-Q3,41.65787300352497
246,Luxembourg,1995-Q4,1.3539476791177396
8452,Belgium,1995-Q4,1.382208317849054
8084,France,1995-Q4,1.9818805488296842
3714,Norway,1995-Q4,2.165151057401804
6367,Italy,1995-Q4,5.585537358275383
5681,Spain,1995-Q4,4.369558464756862
2983,Mexico,1995-Q4,48.71226384451211
5496,Korea,1995-Q4,4.44923325514861
5242,Austria,1995-Q4,1.8809284673967586
6802,Ireland,1995-Q4,2.4316142282312825
7532,Denmark,1995-Q4,1.8639895092526393
8636,Germany,1995-Q4,1.468740300924365
4267,Sweden,1995-Q4,2.19197705769536
8821,Canada,1995-Q4,2.0526741866485843
1924,United States,1995-Q4,2.6509260769912
3529,New Zealand,1995-Q4,2.918296317330471
571,Portugal,1995-Q4,3.869665894488805
5865,Japan,1995-Q4,-0.5536321242651576
2292,Australia,1995-Q4,5.095547844562565
8268,Finland,1995-Q4,-0.0637116307290797
3161,Netherlands,1995-Q4,1.530313196315558
2107,United Kingdom,1995-Q4,2.9096477794793296
6803,Ireland,1996-Q1,2.1116128359819353
4268,Sweden,1996-Q1,1.441170920667867
8085,France,1996-Q1,2.1092575250835965
8637,Germany,1996-Q1,1.4553048744777586
2293,Australia,1996-Q1,3.7617560678575135
6368,Italy,1996-Q1,5.176329773588972
1925,United States,1996-Q1,2.739729901184962
572,Portugal,1996-Q1,2.5362504876291103
7533,Denmark,1996-Q1,1.837221475233708
3715,Norway,1996-Q1,0.8973080310414661
8269,Finland,1996-Q1,0.47746285408478695
3530,New Zealand,1996-Q1,2.2115422043167854
5866,Japan,1996-Q1,-0.34770830248860296
3162,Netherlands,1996-Q1,1.7748666845382788
5682,Spain,1996-Q1,3.6516858928311358
8453,Belgium,1996-Q1,1.9599629119099626
5243,Austria,1996-Q1,1.6971947287836464
8822,Canada,1996-Q1,1.4570403988829694
2108,United Kingdom,1996-Q1,3.0441400304414
2984,Mexico,1996-Q1,48.005024535648985
247,Luxembourg,1996-Q1,1.011745265012376
5497,Korea,1996-Q1,4.674358587343863
8454,Belgium,1996-Q2,1.9288462496617198
5244,Austria,1996-Q2,1.59214905019458
573,Portugal,1996-Q2,3.214914400217639
8270,Finland,1996-Q2,0.6392643439786072
3163,Netherlands,1996-Q2,1.9903961510020274
5683,Spain,1996-Q2,3.6081228361893203
8086,France,1996-Q2,2.35993001640995
7534,Denmark,1996-Q2,1.9744586331138514
5867,Japan,1996-Q2,0.13874153435422532
8823,Canada,1996-Q2,1.4454017742632441
6369,Italy,1996-Q2,4.391795551412159
3531,New Zealand,1996-Q2,2.000013253000077
3716,Norway,1996-Q2,0.9900890108822669
2985,Mexico,1996-Q2,34.132052191047975
248,Luxembourg,1996-Q2,1.2022223715672187
8638,Germany,1996-Q2,1.4504799706601679
2294,Australia,1996-Q2,3.0911877417590716
5498,Korea,1996-Q2,4.875049231891104
4269,Sweden,1996-Q2,0.7885950974354072
1926,United States,1996-Q2,2.8471157977419947
6804,Ireland,1996-Q2,1.4925278054458424
2109,United Kingdom,1996-Q2,2.6986506746626615
7535,Denmark,1996-Q3,2.318051484091077
6805,Ireland,1996-Q3,1.4858899794535807
8824,Canada,1996-Q3,1.4047171314051976
8087,France,1996-Q3,1.8265490248109195
2110,United Kingdom,1996-Q3,2.690582959641241
8639,Germany,1996-Q3,1.3630694398877985
8271,Finland,1996-Q3,0.5355967175950882
6370,Italy,1996-Q3,3.5511435060176844
1927,United States,1996-Q3,2.943744798133441
3717,Norway,1996-Q3,1.3833942004252142
5499,Korea,1996-Q3,5.064896402934793
4270,Sweden,1996-Q3,0.16189302541871342
3532,New Zealand,1996-Q3,2.376419997192092
249,Luxembourg,1996-Q3,1.2135912688633788
3164,Netherlands,1996-Q3,1.8810584801073338
5868,Japan,1996-Q3,0.20862907989371848
8455,Belgium,1996-Q3,1.95179621145678
5245,Austria,1996-Q3,1.9159976956014901
2986,Mexico,1996-Q3,30.53782970475161
5684,Spain,1996-Q3,3.660583815526741
2295,Australia,1996-Q3,2.1374064624732014
574,Portugal,1996-Q3,3.471187720590696
2987,Mexico,1996-Q4,28.138653747965094
3165,Netherlands,1996-Q4,2.149132438372603
8640,Germany,1996-Q4,1.5301739873214926
5500,Korea,1996-Q4,5.07716221779182
2296,Australia,1996-Q4,1.5151502792126736
5685,Spain,1996-Q4,3.318591441176655
8088,France,1996-Q4,1.6399886405200848
8272,Finland,1996-Q4,0.8648042217368257
2111,United Kingdom,1996-Q4,2.9761904761904656
3533,New Zealand,1996-Q4,2.5519845239520444
6806,Ireland,1996-Q4,1.9367939588722294
5869,Japan,1996-Q4,0.5567142733226449
250,Luxembourg,1996-Q4,1.3068598928138497
575,Portugal,1996-Q4,3.0486810771062522
3718,Norway,1996-Q4,1.7742879139619472
8456,Belgium,1996-Q4,2.465848746603072
5246,Austria,1996-Q4,2.2363976386687634
1928,United States,1996-Q4,3.1901005902587043
6371,Italy,1996-Q4,2.9573672040901666
8825,Canada,1996-Q4,1.973445784097816
7536,Denmark,1996-Q4,2.3720778909484874
4271,Sweden,1996-Q4,-0.2455521307930808
5686,Spain,1997-Q1,2.544393004436185
5501,Korea,1997-Q1,4.692187411150939
8826,Canada,1997-Q1,2.116418668211506
5247,Austria,1997-Q1,1.9045776248480362
2988,Mexico,1997-Q1,25.49799757983513
8089,France,1997-Q1,1.4542754190638885
8641,Germany,1997-Q1,1.7622867369861073
251,Luxembourg,1997-Q1,1.3767918578715177
1929,United States,1997-Q1,2.946228035407583
3534,New Zealand,1997-Q1,1.7873867784075959
8457,Belgium,1997-Q1,1.9241569544919512
7537,Denmark,1997-Q1,2.175011762618362
3166,Netherlands,1997-Q1,1.909964037710199
6372,Italy,1997-Q1,2.4943340132420166
3719,Norway,1997-Q1,3.063231073951056
6807,Ireland,1997-Q1,1.5010526236786115
576,Portugal,1997-Q1,2.9718618231350025
8273,Finland,1997-Q1,0.5050791992225578
2297,Australia,1997-Q1,1.3595188521519752
4272,Sweden,1997-Q1,-0.18474456978033738
2112,United Kingdom,1997-Q1,2.3633677991137247
5870,Japan,1997-Q1,0.5931645474090974
5248,Austria,1997-Q2,1.6891775161503197
2298,Australia,1997-Q2,0.29984339502664437
577,Portugal,1997-Q2,2.105639914015356
3167,Netherlands,1997-Q2,1.8475623911781813
7538,Denmark,1997-Q2,2.0530727121699677
8827,Canada,1997-Q2,1.612308487825831
8090,France,1997-Q2,0.9230770030836055
3535,New Zealand,1997-Q2,1.1204364748618856
5687,Spain,1997-Q2,1.573318114542377
8274,Finland,1997-Q2,0.9826075334504303
3720,Norway,1997-Q2,2.696088235294125
1930,United States,1997-Q2,2.342425580393881
5871,Japan,1997-Q2,1.9743735834011789
252,Luxembourg,1997-Q2,1.0844857332216629
8458,Belgium,1997-Q2,1.525351627938143
2989,Mexico,1997-Q2,21.29173209765307
5502,Korea,1997-Q2,4.0422104401725
4273,Sweden,1997-Q2,0.19043082081064977
2113,United Kingdom,1997-Q2,2.1897810218978186
6808,Ireland,1997-Q2,1.6547693876629799
8642,Germany,1997-Q2,1.552275014439819
6373,Italy,1997-Q2,1.8904107253961078
8091,France,1997-Q3,1.2812673175266243
5503,Korea,1997-Q3,3.9692785795093943
8643,Germany,1997-Q3,2.3227393634969395
5688,Spain,1997-Q3,1.8033995343608389
3721,Norway,1997-Q3,2.290453216374244
8459,Belgium,1997-Q3,1.7812051608305346
3168,Netherlands,1997-Q3,2.319303471134848
8828,Canada,1997-Q3,1.7222117105392343
253,Luxembourg,1997-Q3,1.4421939220778945
2114,United Kingdom,1997-Q3,2.183406113537112
2299,Australia,1997-Q3,-0.44842053318925323
4274,Sweden,1997-Q3,1.0649338746286707
8275,Finland,1997-Q3,1.4493238932460795
2990,Mexico,1997-Q3,19.206969412671192
6374,Italy,1997-Q3,1.8216742740867042
1931,United States,1997-Q3,2.202917462664189
5872,Japan,1997-Q3,2.116578207936426
5249,Austria,1997-Q3,0.37968754105013325
7539,Denmark,1997-Q3,2.3654912113155513
578,Portugal,1997-Q3,2.0219867333007624
3536,New Zealand,1997-Q3,1.0213560946086941
6809,Ireland,1997-Q3,1.3879252792045937
5873,Japan,1997-Q4,2.1106988946628658
8276,Finland,1997-Q4,1.8306267071197313
8460,Belgium,1997-Q4,1.2851679374152436
3169,Netherlands,1997-Q4,2.356616270698342
3537,New Zealand,1997-Q4,0.829488117481425
8644,Germany,1997-Q4,2.1181363302944733
7540,Denmark,1997-Q4,2.1350681219878043
2115,United Kingdom,1997-Q4,2.023121387283222
3722,Norway,1997-Q4,2.2275978472060087
6375,Italy,1997-Q4,1.9720008460691663
8092,France,1997-Q4,1.1593287329090263
1932,United States,1997-Q4,1.8717165294609872
2300,Australia,1997-Q4,-0.29851686535917743
579,Portugal,1997-Q4,2.2590714794674227
5504,Korea,1997-Q4,5.0520978428851615
5250,Austria,1997-Q4,1.2659431541969246
6810,Ireland,1997-Q4,1.6231367015438813
4275,Sweden,1997-Q4,1.566778142726255
5689,Spain,1997-Q4,1.9702196218458479
254,Luxembourg,1997-Q4,1.5652414284173854
8829,Canada,1997-Q4,1.0420482036672674
2991,Mexico,1997-Q4,17.221299918556475
6811,Ireland,1998-Q1,1.8452292572350482
4276,Sweden,1998-Q1,0.548741182629997
8461,Belgium,1998-Q1,0.721822688076923
2301,Australia,1998-Q1,-0.14902797239154664
3723,Norway,1998-Q1,2.1572388378350293
7541,Denmark,1998-Q1,2.046208331791255
6376,Italy,1998-Q1,2.0227464933736172
580,Portugal,1998-Q1,1.8798089411463215
8277,Finland,1998-Q1,1.8746293239246148
255,Luxembourg,1998-Q1,1.2721736652538063
5690,Spain,1998-Q1,1.8455625225223038
2992,Mexico,1998-Q1,15.297253291678059
8830,Canada,1998-Q1,1.0362492613627206
5505,Korea,1998-Q1,8.93464045430903
8645,Germany,1998-Q1,1.2484923537257497
8093,France,1998-Q1,0.7489991498859538
1933,United States,1998-Q1,1.462281471024407
5874,Japan,1998-Q1,1.9424223654542327
3170,Netherlands,1998-Q1,2.0845238095238194
2116,United Kingdom,1998-Q1,1.8759018759018753
3538,New Zealand,1998-Q1,1.2938941606180698
5251,Austria,1998-Q1,1.0547697588178195
5691,Spain,1998-Q2,2.015133437179828
2117,United Kingdom,1998-Q2,2.0000000000000018
4277,Sweden,1998-Q2,0.1344751240467401
2993,Mexico,1998-Q2,15.127474648971063
8094,France,1998-Q2,0.9876374946442334
7542,Denmark,1998-Q2,1.9790652591658242
3539,New Zealand,1998-Q2,1.6620545937822806
3724,Norway,1998-Q2,2.243426993467579
5506,Korea,1998-Q2,8.171701352539662
8646,Germany,1998-Q2,1.3676588793762878
8278,Finland,1998-Q2,1.5856922192926337
5875,Japan,1998-Q2,0.3396369492010054
6812,Ireland,1998-Q2,2.6627075402658074
3171,Netherlands,1998-Q2,2.1939260904239477
256,Luxembourg,1998-Q2,1.181794109570844
6377,Italy,1998-Q2,2.0440155938951987
581,Portugal,1998-Q2,2.608695652173898
2302,Australia,1998-Q2,0.7473997451530545
5252,Austria,1998-Q2,1.0243604501058767
8831,Canada,1998-Q2,0.9962991161537094
1934,United States,1998-Q2,1.6021579494863714
8462,Belgium,1998-Q2,1.6461869453550104
2118,United Kingdom,1998-Q3,1.7094017094017033
257,Luxembourg,1998-Q3,0.9455916879752335
8279,Finland,1998-Q3,1.200304737891611
8647,Germany,1998-Q3,0.5973711367007306
4278,Sweden,1998-Q3,-0.6255277746625709
7543,Denmark,1998-Q3,1.6761566146027418
3540,New Zealand,1998-Q3,1.746330943470431
5507,Korea,1998-Q3,7.031076740821129
8095,France,1998-Q3,0.6089412067412647
6813,Ireland,1998-Q3,2.9533261845876346
2994,Mexico,1998-Q3,15.613041717673525
582,Portugal,1998-Q3,2.7315188888919817
5253,Austria,1998-Q3,0.885695694338362
1935,United States,1998-Q3,1.5958489359287897
5876,Japan,1998-Q3,-0.20386944425475617
8832,Canada,1998-Q3,0.8465059079189041
2303,Australia,1998-Q3,1.3513535361374007
6378,Italy,1998-Q3,2.040166241637942
3172,Netherlands,1998-Q3,1.7944747924785176
8463,Belgium,1998-Q3,0.7624903522494231
3725,Norway,1998-Q3,2.2868031306906733
5692,Spain,1998-Q3,1.984338898654192
2995,Mexico,1998-Q4,17.564674435941384
258,Luxembourg,1998-Q4,0.44081036148728714
6379,Italy,1998-Q4,1.715539476420913
8648,Germany,1998-Q4,0.43877027341978625
5508,Korea,1998-Q4,5.973681194507341
6814,Ireland,1998-Q4,2.16754058380364
5693,Spain,1998-Q4,1.4958562167688427
7544,Denmark,1998-Q4,1.6852956441866906
3541,New Zealand,1998-Q4,0.36562693419466274
8464,Belgium,1998-Q4,0.6711973520052927
8096,France,1998-Q4,0.26085952533674295
1936,United States,1998-Q4,1.5482973749095574
5254,Austria,1998-Q4,0.7261605176346997
8833,Canada,1998-Q4,1.1049619446904968
2119,United Kingdom,1998-Q4,1.6997167138810276
3726,Norway,1998-Q4,2.3211699516262563
583,Portugal,1998-Q4,3.0624376313908463
8280,Finland,1998-Q4,0.9460042783966394
3173,Netherlands,1998-Q4,1.7677857184757562
2304,Australia,1998-Q4,1.497004926292611
5877,Japan,1998-Q4,0.5422181214688404
4279,Sweden,1998-Q4,-1.1117478344241927
6815,Ireland,1999-Q1,1.4611358681818176
3727,Norway,1999-Q1,2.252463737797439
8834,Canada,1999-Q1,0.769233336940256
5694,Spain,1999-Q1,1.8711745002178315
5255,Austria,1999-Q1,0.46694839044556513
5509,Korea,1999-Q1,0.7090065861844019
8097,France,1999-Q1,0.25635546864533065
2120,United Kingdom,1999-Q1,1.9830028328611915
3542,New Zealand,1999-Q1,-0.09122912013893592
8649,Germany,1999-Q1,0.19889036342997102
8281,Finland,1999-Q1,0.6815182248053997
259,Luxembourg,1999-Q1,-0.0880874221385275
2996,Mexico,1999-Q1,18.599390862944176
1937,United States,1999-Q1,1.6677126744670145
3174,Netherlands,1999-Q1,2.1450029105003265
5878,Japan,1999-Q1,-0.10207846636653972
6380,Italy,1999-Q1,1.394059586266927
2305,Australia,1999-Q1,1.1940192487531753
4280,Sweden,1999-Q1,-0.06352378486238486
584,Portugal,1999-Q1,2.8038645329502287
8465,Belgium,1999-Q1,1.0565977388716563
7545,Denmark,1999-Q1,2.021345287951859
2306,Australia,1999-Q2,1.038568414675889
3543,New Zealand,1999-Q2,-0.3633166779676511
260,Luxembourg,1999-Q2,1.2397666780526562
7546,Denmark,1999-Q2,2.277473014360387
5256,Austria,1999-Q2,0.36540822366308845
5510,Korea,1999-Q2,0.5930827248359138
1938,United States,1999-Q2,2.109359152703272
4281,Sweden,1999-Q2,0.18980148102689665
6381,Italy,1999-Q2,1.4483893793948877
8650,Germany,1999-Q2,0.5158786417411854
6816,Ireland,1999-Q2,1.325663411661182
2997,Mexico,1999-Q2,17.874854974141165
3728,Norway,1999-Q2,2.474313725490185
8466,Belgium,1999-Q2,0.9215316446711252
2121,United Kingdom,1999-Q2,1.8207282913165201
3175,Netherlands,1999-Q2,2.211900660404309
8098,France,1999-Q2,0.38269837497655335
8835,Canada,1999-Q2,1.6076002154176816
5879,Japan,1999-Q2,-0.27078387167568385
5695,Spain,1999-Q2,2.2567263739372567
8282,Finland,1999-Q2,1.1771473361492868
585,Portugal,1999-Q2,2.5223406287111727
8651,Germany,1999-Q3,0.6729943711114794
8836,Canada,1999-Q3,2.189788203607357
5880,Japan,1999-Q3,0.0
2998,Mexico,1999-Q3,16.476648111255333
8283,Finland,1999-Q3,1.1409313443435654
5257,Austria,1999-Q3,0.46639327227910865
586,Portugal,1999-Q3,2.0482151741462395
1939,United States,1999-Q3,2.345989712823582
4282,Sweden,1999-Q3,0.6645168823059544
8099,France,1999-Q3,0.5200162192581903
2122,United Kingdom,1999-Q3,1.680672268907557
2307,Australia,1999-Q3,1.7777699790950896
3176,Netherlands,1999-Q3,2.2082066342645534
261,Luxembourg,1999-Q3,0.9042135499736315
6382,Italy,1999-Q3,1.7225528935890244
3729,Norway,1999-Q3,2.049361804873695
8467,Belgium,1999-Q3,0.9162638524174982
7547,Denmark,1999-Q3,2.640850952674567
3544,New Zealand,1999-Q3,-0.5069663953703674
5511,Korea,1999-Q3,0.6513028459048664
6817,Ireland,1999-Q3,1.376937567921055
5696,Spain,1999-Q3,2.3951223350878736
1940,United States,1999-Q4,2.6224904335517607
4283,Sweden,1999-Q4,1.0594101502294784
5258,Austria,1999-Q4,0.9764502921818519
6818,Ireland,1999-Q4,2.3509153972187002
5512,Korea,1999-Q4,1.2961903878851766
3730,Norway,1999-Q4,2.6851805555555552
2123,United Kingdom,1999-Q4,1.5320334261838653
8100,France,1999-Q4,0.9895034556424598
3177,Netherlands,1999-Q4,2.064240061937994
5697,Spain,1999-Q4,2.7130420864597937
6383,Italy,1999-Q4,2.0852401211569616
8284,Finland,1999-Q4,1.645633945630376
587,Portugal,1999-Q4,1.9975887500732536
262,Luxembourg,1999-Q4,2.0414709565973244
8468,Belgium,1999-Q4,1.5891798310378569
8652,Germany,1999-Q4,0.9531418535706271
7548,Denmark,1999-Q4,3.0438324520213556
2999,Mexico,1999-Q4,13.698423393930014
5881,Japan,1999-Q4,-1.0111215725534195
8837,Canada,1999-Q4,2.3679449624456783
3545,New Zealand,1999-Q4,0.5083855532667769
2308,Australia,1999-Q4,1.9174091424654538
3178,Netherlands,2000-Q1,1.8844566712516997
3731,Norway,2000-Q1,2.8912346439299963
6819,Ireland,2000-Q1,4.320282408665643
2309,Australia,2000-Q1,2.802361100038331
588,Portugal,2000-Q1,1.8229564801822695
8469,Belgium,2000-Q1,1.9865472808133111
8101,France,2000-Q1,1.4617472208929394
5882,Japan,2000-Q1,-0.6130765646153669
5698,Spain,2000-Q1,2.9194289282442165
8285,Finland,2000-Q1,2.7323222331893104
7549,Denmark,2000-Q1,3.13287338984114
8838,Canada,2000-Q1,2.6535801047673946
4284,Sweden,2000-Q1,0.8042153050994649
263,Luxembourg,2000-Q1,2.896706180378117
3000,Mexico,2000-Q1,10.549313304867969
5259,Austria,2000-Q1,1.5765986597371162
6384,Italy,2000-Q1,2.3525707110139793
5513,Korea,2000-Q1,1.9245124827489635
3546,New Zealand,2000-Q1,1.4850146824831878
8653,Germany,2000-Q1,1.5482373991245746
1941,United States,2000-Q1,3.2401776907403645
2124,United Kingdom,2000-Q1,1.1111111111111072
3732,Norway,2000-Q2,2.9157269171505185
5514,Korea,2000-Q2,1.5870118063432859
2310,Australia,2000-Q2,3.0836949379153156
8470,Belgium,2000-Q2,2.3189512379849786
3001,Mexico,2000-Q2,9.542122586661627
264,Luxembourg,2000-Q2,2.8423157353197004
6385,Italy,2000-Q2,2.49088909553814
3547,New Zealand,2000-Q2,2.0000072074929154
3179,Netherlands,2000-Q2,2.173117839607208
7550,Denmark,2000-Q2,3.201974074980374
2125,United Kingdom,2000-Q2,1.1004126547455195
8102,France,2000-Q2,1.4232335290381481
8839,Canada,2000-Q2,2.4451670714206175
5260,Austria,2000-Q2,2.1115801313943416
4285,Sweden,2000-Q2,0.8570378029729042
5699,Spain,2000-Q2,3.177295802473723
589,Portugal,2000-Q2,2.503508688380851
8286,Finland,2000-Q2,2.779943109266303
1942,United States,2000-Q2,3.3293188755810332
6820,Ireland,2000-Q2,5.233207332355261
5883,Japan,2000-Q2,-0.7128314155952609
8654,Germany,2000-Q2,1.1054137636854922
2126,United Kingdom,2000-Q3,1.2396694214876103
8840,Canada,2000-Q3,2.714285384954085
3180,Netherlands,2000-Q3,2.496364379084981
5261,Austria,2000-Q3,2.8581800740391516
1943,United States,2000-Q3,3.5080734827310556
4286,Sweden,2000-Q3,0.848351001606118
5884,Japan,2000-Q3,-0.6469204657450045
6386,Italy,2000-Q3,2.6307846259556955
3002,Mexico,2000-Q3,9.023379303690549
8655,Germany,2000-Q3,1.3763304943300358
3548,New Zealand,2000-Q3,2.98805135525273
5515,Korea,2000-Q3,2.981724442851341
5700,Spain,2000-Q3,3.6264463798448165
8471,Belgium,2000-Q3,3.0129088919946367
8103,France,2000-Q3,1.9039180765805908
3733,Norway,2000-Q3,3.423094633641921
6821,Ireland,2000-Q3,6.168646509924303
2311,Australia,2000-Q3,6.113542114169679
8287,Finland,2000-Q3,3.2546686230767286
590,Portugal,2000-Q3,3.363298853330776
7551,Denmark,2000-Q3,2.7251837784040944
265,Luxembourg,2000-Q3,3.332997584861852
2127,United Kingdom,2000-Q4,1.3717421124828544
2503,Italy,2000-Q4,2.6734767508568735
8841,Canada,2000-Q4,3.0605037795015777
4287,Sweden,2000-Q4,1.0855150038712402
7552,Denmark,2000-Q4,2.5612736302266237
5262,Austria,2000-Q4,2.828759720844287
8288,Finland,2000-Q4,3.395826023371007
8104,France,2000-Q4,1.9131682611213785
1944,United States,2000-Q4,3.4271024812130735
591,Portugal,2000-Q4,3.7055703467568035
5885,Japan,2000-Q4,-0.7831211128260018
8472,Belgium,2000-Q4,2.854453281313596
3181,Netherlands,2000-Q4,2.880221981841813
6822,Ireland,2000-Q4,6.5546261530307515
3734,Norway,2000-Q4,3.1109108706452115
3003,Mexico,2000-Q4,8.91372986904524
3549,New Zealand,2000-Q4,3.976142770820812
5701,Spain,2000-Q4,3.9985480839380028
8656,Germany,2000-Q4,1.7309158769924782
2312,Australia,2000-Q4,5.788707681855443
266,Luxembourg,2000-Q4,3.523418340739326
5516,Korea,2000-Q4,2.539972689022507
3550,New Zealand,2001-Q1,3.0602317297883097
8105,France,2001-Q1,1.306287802419348
5517,Korea,2001-Q1,3.6934093592639883
5886,Japan,2001-Q1,-0.41124228535708296
5702,Spain,2001-Q1,3.7900798216694342
5263,Austria,2001-Q1,2.7806926279749344
8473,Belgium,2001-Q1,2.184095004415476
6823,Ireland,2001-Q1,5.300943465209373
8657,Germany,2001-Q1,1.7200765735595036
8289,Finland,2001-Q1,2.819889709318635
3004,Mexico,2001-Q1,7.45637723427659
1945,United States,2001-Q1,3.393489992355292
3182,Netherlands,2001-Q1,3.951221817199957
267,Luxembourg,2001-Q1,2.884982839141137
2504,Italy,2001-Q1,2.895536055310566
3735,Norway,2001-Q1,3.523648685265335
7553,Denmark,2001-Q1,2.391696912432817
4288,Sweden,2001-Q1,1.518389058725056
8842,Canada,2001-Q1,2.7620488204962657
592,Portugal,2001-Q1,4.793116492637739
2313,Australia,2001-Q1,6.0258299510457025
2128,United Kingdom,2001-Q1,1.236263736263754
8106,France,2001-Q2,2.050622370974886
268,Luxembourg,2001-Q2,2.998785492149203
3736,Norway,2001-Q2,3.9398007968127535
3005,Mexico,2001-Q2,6.876104365147806
8843,Canada,2001-Q2,3.580201863395427
5887,Japan,2001-Q2,-0.7179491829191198
2314,Australia,2001-Q2,6.125357938861153
8658,Germany,2001-Q2,2.538060804117692
5703,Spain,2001-Q2,4.137403028844733
6824,Ireland,2001-Q2,5.4054126647190115
5264,Austria,2001-Q2,3.0821874509911362
1946,United States,2001-Q2,3.377340658042427
593,Portugal,2001-Q2,4.597346653993162
8474,Belgium,2001-Q2,2.9467677430269346
2129,United Kingdom,2001-Q2,1.7687074829932037
3551,New Zealand,2001-Q2,3.2352878827920595
5518,Korea,2001-Q2,5.043365261908361
8290,Finland,2001-Q2,3.124378701295094
7554,Denmark,2001-Q2,2.5427635455085973
4289,Sweden,2001-Q2,2.72432857853111
2505,Italy,2001-Q2,3.0527554573908544
3183,Netherlands,2001-Q2,4.391741763448498
1947,United States,2001-Q3,2.6959415736010905
8291,Finland,2001-Q3,2.5311284367656617
594,Portugal,2001-Q3,4.158236929113501
8475,Belgium,2001-Q3,2.5257659774280183
7555,Denmark,2001-Q3,2.3967517969517127
2315,Australia,2001-Q3,2.4691250439045076
2130,United Kingdom,2001-Q3,1.7687074829932037
2506,Italy,2001-Q3,2.79905742975457
5265,Austria,2001-Q3,2.609019276200053
8659,Germany,2001-Q3,2.0170644556036343
5704,Spain,2001-Q3,3.6426634213459375
269,Luxembourg,2001-Q3,2.7482423746382434
3737,Norway,2001-Q3,2.5595852850655243
5519,Korea,2001-Q3,4.246157048079469
3006,Mexico,2001-Q3,5.984465780579162
8107,France,2001-Q3,1.7767933681427595
5888,Japan,2001-Q3,-0.719671474743333
3184,Netherlands,2001-Q3,4.277743524831434
8844,Canada,2001-Q3,2.7120956495437776
3552,New Zealand,2001-Q3,2.417800080885635
6825,Ireland,2001-Q3,4.637525882967597
4290,Sweden,2001-Q3,2.8368652839311004
3185,Netherlands,2001-Q4,4.0019309316745355
3553,New Zealand,2001-Q4,1.8164396421445739
8845,Canada,2001-Q4,1.070436710067324
7556,Denmark,2001-Q4,2.0232472531117596
8292,Finland,2001-Q4,1.8502062071329206
8476,Belgium,2001-Q4,2.2201857389193114
2131,United Kingdom,2001-Q4,1.3531799729364025
5520,Korea,2001-Q4,3.296988442404891
1948,United States,2001-Q4,1.857884589927461
3738,Norway,2001-Q4,2.0113774381887994
4291,Sweden,2001-Q4,2.5374127913879496
270,Luxembourg,2001-Q4,2.037170491487128
5705,Spain,2001-Q4,2.806837315261368
3007,Mexico,2001-Q4,5.222268080838899
5889,Japan,2001-Q4,-0.9265577629777311
6826,Ireland,2001-Q4,4.100953253780548
8660,Germany,2001-Q4,1.6627919006945824
595,Portugal,2001-Q4,3.9478543214377604
5266,Austria,2001-Q4,2.136519822345484
8108,France,2001-Q4,1.4048319006741528
2316,Australia,2001-Q4,3.1463784963443597
2507,Italy,2001-Q4,2.3990658948057852
5706,Spain,2002-Q1,2.5031472057808646
271,Luxembourg,2002-Q1,2.217971887658332
6827,Ireland,2002-Q1,4.719455405962991
8477,Belgium,2002-Q1,2.7349967345884574
2317,Australia,2002-Q1,2.976987856766322
5521,Korea,2002-Q1,2.524982035816281
1949,United States,2002-Q1,1.2521295442812441
3008,Mexico,2002-Q1,4.7451379900179225
3554,New Zealand,2002-Q1,2.5861916607386792
3739,Norway,2002-Q1,1.0340240829804337
8661,Germany,2002-Q1,1.998472229791859
4292,Sweden,2002-Q1,2.6706720790253824
596,Portugal,2002-Q1,3.3623128879152864
5890,Japan,2002-Q1,-1.3764648572174853
3186,Netherlands,2002-Q1,3.7750593629568785
8846,Canada,2002-Q1,1.5506597254750787
8109,France,2002-Q1,2.151817979525772
5267,Austria,2002-Q1,1.965923949745907
2508,Italy,2002-Q1,2.407892661312916
2132,United Kingdom,2002-Q1,1.7639077340569909
8293,Finland,2002-Q1,1.964134038294696
7557,Denmark,2002-Q1,2.503232736436445
5891,Japan,2002-Q2,-0.8608792050675107
2509,Italy,2002-Q2,2.272075987335098
5707,Spain,2002-Q2,3.425092772895577
597,Portugal,2002-Q2,3.409768012607328
8662,Germany,2002-Q2,1.2947448404483586
6828,Ireland,2002-Q2,4.615385399447702
5268,Austria,2002-Q2,1.7851292249426276
2318,Australia,2002-Q2,2.8188014717221765
3009,Mexico,2002-Q2,4.77371660289112
3187,Netherlands,2002-Q2,3.350240967999696
5522,Korea,2002-Q2,2.6885216578481197
3555,New Zealand,2002-Q2,2.754042561579917
8294,Finland,2002-Q2,1.3886180541945459
8847,Canada,2002-Q2,1.3554685615211115
1950,United States,2002-Q2,1.295525251855012
2133,United Kingdom,2002-Q2,1.2032085561497485
7558,Denmark,2002-Q2,2.2582063169240163
4293,Sweden,2002-Q2,1.980346329954208
8478,Belgium,2002-Q2,1.3432304562566832
8110,France,2002-Q2,1.6247145488029524
272,Luxembourg,2002-Q2,1.9166428451649287
3740,Norway,2002-Q2,0.46847527817395207
3010,Mexico,2002-Q3,5.249976779877663
598,Portugal,2002-Q3,3.6288770946712123
7559,Denmark,2002-Q3,2.3017902813299296
3741,Norway,2002-Q3,1.4199655154920388
5892,Japan,2002-Q3,-0.7939238157818385
8663,Germany,2002-Q3,1.216735765663679
273,Luxembourg,2002-Q3,1.958212296542916
8111,France,2002-Q3,1.7744020605911848
8295,Finland,2002-Q3,1.347715516261938
3188,Netherlands,2002-Q3,3.2104766099234183
5269,Austria,2002-Q3,1.7157736416179459
1951,United States,2002-Q3,1.5938447229034702
4294,Sweden,2002-Q3,1.8411478136201698
2510,Italy,2002-Q3,2.407568360220491
8479,Belgium,2002-Q3,1.2659830620518564
2319,Australia,2002-Q3,3.212852158177615
3556,New Zealand,2002-Q3,2.6439994326566962
8848,Canada,2002-Q3,2.3358234490077123
2134,United Kingdom,2002-Q3,1.3368983957219305
6829,Ireland,2002-Q3,4.381048137536259
5523,Korea,2002-Q3,2.5153902354438484
5708,Spain,2002-Q3,2.386240320399935
8296,Finland,2002-Q4,1.58991847289649
2135,United Kingdom,2002-Q4,1.735647530040052
3189,Netherlands,2002-Q4,2.8268808416050284
3557,New Zealand,2002-Q4,2.723010985842844
5524,Korea,2002-Q4,3.317054905937833
274,Luxembourg,2002-Q4,2.204587650318479
8480,Belgium,2002-Q4,1.2569951522021228
8849,Canada,2002-Q4,3.792291246390289
5270,Austria,2002-Q4,1.7764802855394723
8112,France,2002-Q4,2.1454841787705625
2511,Italy,2002-Q4,2.771428600872139
1952,United States,2002-Q4,2.200073003729064
599,Portugal,2002-Q4,3.9918330392842094
2320,Australia,2002-Q4,2.9177782848943234
3011,Mexico,2002-Q4,5.342350057852441
4295,Sweden,2002-Q4,2.1515198980039507
3742,Norway,2002-Q4,2.228885459541985
5893,Japan,2002-Q4,-0.5542074426312493
8664,Germany,2002-Q4,1.179158103473621
6830,Ireland,2002-Q4,4.797970640490257
5709,Spain,2002-Q4,3.939234184650098
7560,Denmark,2002-Q4,2.6349384885226756
4296,Sweden,2003-Q1,2.985139235241374
2512,Italy,2003-Q1,2.7195466626102505
600,Portugal,2003-Q1,3.9431048225106125
5894,Japan,2003-Q1,-0.24424301578589436
6831,Ireland,2003-Q1,4.957429457061524
3012,Mexico,2003-Q1,5.4391853252601985
1953,United States,2003-Q1,2.866773135569578
5710,Spain,2003-Q1,3.7532589834529118
8481,Belgium,2003-Q1,1.5710020811141145
7561,Denmark,2003-Q1,2.736859177840789
3190,Netherlands,2003-Q1,2.4279210355912406
3558,New Zealand,2003-Q1,2.521020844796218
275,Luxembourg,2003-Q1,2.4746528259328437
2136,United Kingdom,2003-Q1,1.4666666666666606
8850,Canada,2003-Q1,4.479119786646479
2321,Australia,2003-Q1,3.2851488858112843
5525,Korea,2003-Q1,4.074827461882347
8297,Finland,2003-Q1,1.6106267512155492
8113,France,2003-Q1,2.3662718050387
8665,Germany,2003-Q1,1.1303684687149484
3743,Norway,2003-Q1,4.605556895996332
5271,Austria,2003-Q1,1.767359690133996
8851,Canada,2003-Q2,2.7749965692433376
8298,Finland,2003-Q2,0.8651835168257627
4297,Sweden,2003-Q2,1.862600104435863
8482,Belgium,2003-Q2,1.3762520413369117
6832,Ireland,2003-Q2,3.7745033801377392
5272,Austria,2003-Q2,1.1798583026571885
276,Luxembourg,2003-Q2,1.9701365295534679
601,Portugal,2003-Q2,3.5240785885999104
7562,Denmark,2003-Q2,2.291675000000004
2513,Italy,2003-Q2,2.6996625564439825
2137,United Kingdom,2003-Q2,1.4531043593130732
5895,Japan,2003-Q2,-0.24314013203159401
8114,France,2003-Q2,1.9128625125991672
3013,Mexico,2003-Q2,4.738493645605035
5526,Korea,2003-Q2,3.3047571072288395
1954,United States,2003-Q2,2.131610995128752
5711,Spain,2003-Q2,2.859228122403934
2322,Australia,2003-Q2,2.610949871949675
3744,Norway,2003-Q2,2.2467190439473983
3559,New Zealand,2003-Q2,1.478748289053211
3191,Netherlands,2003-Q2,2.0043841301762733
8666,Germany,2003-Q2,0.7894804286707746
5712,Spain,2003-Q3,2.9083364183266847
8667,Germany,2003-Q3,1.0518456131805687
2323,Australia,2003-Q3,2.5940459491572865
3560,New Zealand,2003-Q3,1.4719330826425514
8483,Belgium,2003-Q3,1.6851744790354894
4298,Sweden,2003-Q3,1.5856936207577554
5896,Japan,2003-Q3,-0.24357338853072674
3014,Mexico,2003-Q3,4.068815580510643
7563,Denmark,2003-Q3,1.8333374999999874
3745,Norway,2003-Q3,1.9092065375813982
8852,Canada,2003-Q3,2.0840165651181852
6833,Ireland,2003-Q3,3.0746688667042
2514,Italy,2003-Q3,2.742792983830422
277,Luxembourg,2003-Q3,1.8997713345299427
1955,United States,2003-Q3,2.196370542856818
8299,Finland,2003-Q3,0.5754016346554591
602,Portugal,2003-Q3,2.854659791075953
5527,Korea,2003-Q3,3.166995399052386
8115,France,2003-Q3,1.9322660212804488
5273,Austria,2003-Q3,1.2730786365733326
3192,Netherlands,2003-Q3,2.06137655847789
2138,United Kingdom,2003-Q3,1.3192612137203241
5274,Austria,2003-Q4,1.2059710404157098
4299,Sweden,2003-Q4,1.2857933781111441
3561,New Zealand,2003-Q4,1.553919485593247
5897,Japan,2003-Q4,-0.3134783689969556
2139,United Kingdom,2003-Q4,1.1811023622047223
3015,Mexico,2003-Q4,3.9729975911256155
7564,Denmark,2003-Q4,1.4492670807453312
1956,United States,2003-Q4,1.8951242311393335
3746,Norway,2003-Q4,1.21593710691823
5528,Korea,2003-Q4,3.5216110245221977
6834,Ireland,2003-Q4,2.216868473921929
2515,Italy,2003-Q4,2.5298868175874123
5713,Spain,2003-Q4,2.6546859272967405
8116,France,2003-Q4,2.1844367999825254
2324,Australia,2003-Q4,2.4484544128916763
8668,Germany,2003-Q4,1.1654160061973728
3193,Netherlands,2003-Q4,1.879299321267025
603,Portugal,2003-Q4,2.5793778331498762
8484,Belgium,2003-Q4,1.7227601587172625
8853,Canada,2003-Q4,1.744557654529011
278,Luxembourg,2003-Q4,1.8619610570236311
8300,Finland,2003-Q4,0.465364490401754
5275,Austria,2004-Q1,1.357748941795367
3194,Netherlands,2004-Q1,1.2137091684808032
5898,Japan,2004-Q1,-0.13990621109779555
8301,Finland,2004-Q1,-0.06974656504477039
5714,Spain,2004-Q1,2.193055588536841
2325,Australia,2004-Q1,2.0356330304186043
2140,United Kingdom,2004-Q1,1.4454664914586246
8854,Canada,2004-Q1,0.9093932655102055
7565,Denmark,2004-Q1,0.942614676834852
8117,France,2004-Q1,1.8000951587962666
1957,United States,2004-Q1,1.7850618413631114
2516,Italy,2004-Q1,2.2890253361327773
3747,Norway,2004-Q1,-1.4268283152536476
4300,Sweden,2004-Q1,0.0527495639793818
3562,New Zealand,2004-Q1,1.548258557025961
279,Luxembourg,2004-Q1,1.9760806204905945
604,Portugal,2004-Q1,2.190671620412177
6835,Ireland,2004-Q1,1.6221438177021819
3016,Mexico,2004-Q1,4.322155848418041
8669,Germany,2004-Q1,0.9687019635705063
8485,Belgium,2004-Q1,1.3251329074608575
5529,Korea,2004-Q1,3.2477514514838157
2517,Italy,2004-Q2,2.327493211874221
4301,Sweden,2004-Q2,0.40593985624266526
6836,Ireland,2004-Q2,1.7950014018589089
8855,Canada,2004-Q2,2.21210457437222
2141,United Kingdom,2004-Q2,1.302083333333326
5530,Korea,2004-Q2,3.410228046116437
8670,Germany,2004-Q2,1.8649664317796688
3748,Norway,2004-Q2,0.8291915422885543
8486,Belgium,2004-Q2,2.2598112819864458
8118,France,2004-Q2,2.390646762135118
5715,Spain,2004-Q2,3.2020422955952865
3195,Netherlands,2004-Q2,1.431286020192779
5276,Austria,2004-Q2,1.9854955554308162
280,Luxembourg,2004-Q2,2.3448583010020396
8302,Finland,2004-Q2,-0.17726447506880572
2326,Australia,2004-Q2,2.544541288023261
5899,Japan,2004-Q2,-0.3133794655650446
605,Portugal,2004-Q2,2.4770722698358227
7566,Denmark,2004-Q2,1.0997840244574952
3563,New Zealand,2004-Q2,2.367930257734163
3017,Mexico,2004-Q2,4.287109940874445
1958,United States,2004-Q2,2.8675097846935005
5531,Korea,2004-Q3,4.332098729269118
606,Portugal,2004-Q3,2.408597011311242
2327,Australia,2004-Q3,2.275604154049571
7567,Denmark,2004-Q3,1.186571146212323
5900,Japan,2004-Q3,-0.10463173227597267
2142,United Kingdom,2004-Q3,1.302083333333326
8671,Germany,2004-Q3,1.821548801826256
8487,Belgium,2004-Q3,2.23459908227166
2518,Italy,2004-Q3,2.2337256377669368
8856,Canada,2004-Q3,2.0090756421217826
3018,Mexico,2004-Q3,4.789899013718912
3749,Norway,2004-Q3,1.2073188506528387
8119,France,2004-Q3,2.2858122487585675
6837,Ireland,2004-Q3,2.6041725485324463
3564,New Zealand,2004-Q3,2.53854048461275
8303,Finland,2004-Q3,0.400469564240824
281,Luxembourg,2004-Q3,2.229637968222775
1959,United States,2004-Q3,2.727112554873057
4302,Sweden,2004-Q3,0.5587653619244293
3196,Netherlands,2004-Q3,1.1328401988647707
5716,Spain,2004-Q3,3.3085577029130064
5277,Austria,2004-Q3,2.168439040493708
8488,Belgium,2004-Q4,2.565279823806166
8672,Germany,2004-Q4,2.0066924002945408
2519,Italy,2004-Q4,1.9793956544371216
3019,Mexico,2004-Q4,5.338736347355155
5532,Korea,2004-Q4,3.3710931581542036
282,Luxembourg,2004-Q4,2.3493685353015215
8120,France,2004-Q4,2.0907442116305353
8304,Finland,2004-Q4,0.5964736030238837
5278,Austria,2004-Q4,2.7281284497278513
2328,Australia,2004-Q4,2.5157076820350843
5717,Spain,2004-Q4,3.438595518502363
3197,Netherlands,2004-Q4,1.2767246947742672
5901,Japan,2004-Q4,0.5241137742029833
7568,Denmark,2004-Q4,1.3877633785929433
8857,Canada,2004-Q4,2.296994694641219
6838,Ireland,2004-Q4,2.6874066775066208
1960,United States,2004-Q4,3.322500655135019
3750,Norway,2004-Q4,1.2427505698943353
2143,United Kingdom,2004-Q4,1.5564202334630295
3565,New Zealand,2004-Q4,2.7002732619400227
4303,Sweden,2004-Q4,0.47738006478215134
607,Portugal,2004-Q4,2.382890790654102
1961,United States,2005-Q1,3.0422371691109173
4304,Sweden,2005-Q1,0.2647913745814634
6839,Ireland,2005-Q1,2.206562485638308
8673,Germany,2005-Q1,1.6236119801366522
5902,Japan,2005-Q1,0.03502039501932508
2144,United Kingdom,2005-Q1,1.6839378238342029
8489,Belgium,2005-Q1,2.632115293353654
2329,Australia,2005-Q1,2.369078210715392
8858,Canada,2005-Q1,2.124230212338696
8121,France,2005-Q1,1.721503273884828
5533,Korea,2005-Q1,3.250792325326146
5279,Austria,2005-Q1,2.902305079982548
283,Luxembourg,2005-Q1,2.2017939067867864
3020,Mexico,2005-Q1,4.399669021003905
2520,Italy,2005-Q1,1.9142535294953689
3198,Netherlands,2005-Q1,1.6297130244371294
8305,Finland,2005-Q1,0.5016164881794349
608,Portugal,2005-Q1,2.128086093985204
5718,Spain,2005-Q1,3.259546427935911
3751,Norway,2005-Q1,0.992555831265518
3566,New Zealand,2005-Q1,2.780269336571961
7569,Denmark,2005-Q1,1.218026796589533
8674,Germany,2005-Q2,1.2449652271419032
6840,Ireland,2005-Q2,2.3201769747853707
2145,United Kingdom,2005-Q2,1.9280205655527016
5534,Korea,2005-Q2,2.9784807797934354
4305,Sweden,2005-Q2,0.29577413627719373
3021,Mexico,2005-Q2,4.5100733313369945
8306,Finland,2005-Q2,0.8202041247868053
3567,New Zealand,2005-Q2,2.846985312232553
2330,Australia,2005-Q2,2.4813876555025205
1962,United States,2005-Q2,2.9463579273591334
3199,Netherlands,2005-Q2,1.5306731350362313
8490,Belgium,2005-Q2,2.7163920915949546
8859,Canada,2005-Q2,1.9096057814943723
8122,France,2005-Q2,1.7019024620328338
5719,Spain,2005-Q2,3.2203151326630763
2521,Italy,2005-Q2,1.8463921686198148
284,Luxembourg,2005-Q2,2.344711880846373
5903,Japan,2005-Q2,-0.10477791405083536
7570,Denmark,2005-Q2,1.6921837909824378
5280,Austria,2005-Q2,2.485612956860983
609,Portugal,2005-Q2,1.838872298047356
3752,Norway,2005-Q2,1.5213774045486295
3568,New Zealand,2005-Q3,3.3598640428590176
5720,Spain,2005-Q3,3.436723063311531
2146,United Kingdom,2005-Q3,2.4421593830334265
1963,United States,2005-Q3,3.832624990843092
5281,Austria,2005-Q3,2.216839866169029
5535,Korea,2005-Q3,2.3357718502720504
610,Portugal,2005-Q3,2.5274994803773376
8307,Finland,2005-Q3,0.6574178179719725
4306,Sweden,2005-Q3,0.524589545188725
6841,Ireland,2005-Q3,2.5842239182249704
2331,Australia,2005-Q3,3.0902323077944827
285,Luxembourg,2005-Q3,2.7265236670427795
5904,Japan,2005-Q3,-0.3142445526794435
8123,France,2005-Q3,1.8802418216658845
3753,Norway,2005-Q3,1.768827715706589
7571,Denmark,2005-Q3,2.2644602614015463
3200,Netherlands,2005-Q3,1.7539703420234254
8491,Belgium,2005-Q3,3.1364303931409543
8675,Germany,2005-Q3,1.6429460767249715
3022,Mexico,2005-Q3,3.972738949204757
2522,Italy,2005-Q3,2.0250491549150818
8860,Canada,2005-Q3,2.6048287996896846
3201,Netherlands,2005-Q4,1.8372703412073532
7572,Denmark,2005-Q4,2.0933937198067687
5905,Japan,2005-Q4,-0.7646902957699098
1964,United States,2005-Q4,3.739951682831011
6842,Ireland,2005-Q4,2.7089150320355637
8861,Canada,2005-Q4,2.21378791341158
2147,United Kingdom,2005-Q4,2.298850574712641
4307,Sweden,2005-Q4,0.7263804345745584
3754,Norway,2005-Q4,1.8412437871831555
8308,Finland,2005-Q4,0.516721279484833
5536,Korea,2005-Q4,2.461854354004811
8676,Germany,2005-Q4,1.675776080852609
8492,Belgium,2005-Q4,2.6387089708191036
2523,Italy,2005-Q4,2.1536844500264163
611,Portugal,2005-Q4,2.6096440778958785
5721,Spain,2005-Q4,3.553825991171733
3023,Mexico,2005-Q4,3.09930767535318
8124,France,2005-Q4,1.6797700233764257
5282,Austria,2005-Q4,1.6055750907614907
286,Luxembourg,2005-Q4,2.67286673094016
3569,New Zealand,2005-Q4,3.1551383421680512
2332,Australia,2005-Q4,2.8220893100119326
5537,Korea,2006-Q1,2.0804750914402037
5972,Austria,2006-Q1,1.1382705123093695
287,Luxembourg,2006-Q1,2.9432359107164796
5722,Spain,2006-Q1,4.016846738803159
3024,Mexico,2006-Q1,3.6979126416289088
5906,Japan,2006-Q1,-0.1400531756340584
8125,France,2006-Q1,1.7842862338160126
3202,Netherlands,2006-Q1,1.112610820691673
8677,Germany,2006-Q1,1.7066137207502274
612,Portugal,2006-Q1,3.187421918527522
2333,Australia,2006-Q1,2.9232647111785415
3570,New Zealand,2006-Q1,3.3158869241238342
8309,Finland,2006-Q1,0.8695640726823939
2148,United Kingdom,2006-Q1,2.165605095541401
8493,Belgium,2006-Q1,2.235000421018607
2423,Sweden,2006-Q1,0.7815148573419695
2524,Italy,2006-Q1,2.1428591023533894
3755,Norway,2006-Q1,2.252248157248138
8862,Canada,2006-Q1,2.3636894300395506
1965,United States,2006-Q1,3.6471063015073746
6843,Ireland,2006-Q1,3.215436175280395
7573,Denmark,2006-Q1,2.0858483754512713
2525,Italy,2006-Q2,2.233317345331476
1966,United States,2006-Q2,4.010279104897019
5538,Korea,2006-Q2,2.2385711677131104
613,Portugal,2006-Q2,3.7164588507099694
3571,New Zealand,2006-Q2,3.9792339433473822
2334,Australia,2006-Q2,3.995159578649221
8863,Canada,2006-Q2,2.5608999341039107
8126,France,2006-Q2,1.9124958036085493
5907,Japan,2006-Q2,0.17481645663002254
3756,Norway,2006-Q2,2.389635479951413
3025,Mexico,2006-Q2,3.125470970355293
5973,Austria,2006-Q2,1.6338803682952152
8494,Belgium,2006-Q2,2.0043026213102166
8310,Finland,2006-Q2,1.5661337001333653
7574,Denmark,2006-Q2,2.0206141846519143
3203,Netherlands,2006-Q2,1.3152132766508284
6844,Ireland,2006-Q2,3.85487364824324
2149,United Kingdom,2006-Q2,2.395964691046659
2424,Sweden,2006-Q2,1.5220724822395892
288,Luxembourg,2006-Q2,3.0818184324132636
5723,Spain,2006-Q2,3.9451395732650107
8678,Germany,2006-Q2,1.8444904632456849
6845,Ireland,2006-Q3,4.228511395673085
3572,New Zealand,2006-Q3,3.5426827185550236
8495,Belgium,2006-Q3,1.4889974308140541
1967,United States,2006-Q3,3.3356071877557403
614,Portugal,2006-Q3,3.016618234642543
2335,Australia,2006-Q3,3.956823618677663
8127,France,2006-Q3,1.6942704787837437
5974,Austria,2006-Q3,1.5640698357925586
8311,Finland,2006-Q3,1.7660676913919593
2150,United Kingdom,2006-Q3,2.509410288582181
3757,Norway,2006-Q3,2.223116320811802
289,Luxembourg,2006-Q3,2.699975931021359
7575,Denmark,2006-Q3,1.8979833926453304
8864,Canada,2006-Q3,1.7337477823404557
8679,Germany,2006-Q3,1.4726992906962666
3026,Mexico,2006-Q3,3.541750734634208
5539,Korea,2006-Q3,2.523911570121129
5724,Spain,2006-Q3,3.533149687073034
5908,Japan,2006-Q3,0.630480645374365
2425,Sweden,2006-Q3,1.590531035217957
3204,Netherlands,2006-Q3,1.1791858818778644
2526,Italy,2006-Q3,2.1676575888974536
5909,Japan,2006-Q4,0.3502555570235044
615,Portugal,2006-Q4,2.5207273017032072
6846,Ireland,2006-Q4,4.425564071443433
3573,New Zealand,2006-Q4,2.6346597690295903
8496,Belgium,2006-Q4,1.4471019825007092
3758,Norway,2006-Q4,2.4507793310253545
2151,United Kingdom,2006-Q4,2.7465667915106184
7576,Denmark,2006-Q4,1.6955915495106888
8128,France,2006-Q4,1.312575062239274
2336,Australia,2006-Q4,3.3412916040864493
3027,Mexico,2006-Q4,4.14472219944475
2527,Italy,2006-Q4,1.8219591729061069
5540,Korea,2006-Q4,2.1248414647891956
8312,Finland,2006-Q4,2.061161053634586
2426,Sweden,2006-Q4,1.5427804432005532
1968,United States,2006-Q4,1.9373264148009772
8865,Canada,2006-Q4,1.3613866475062242
5725,Spain,2006-Q4,2.5935086345978187
5975,Austria,2006-Q4,1.4285722912410703
8680,Germany,2006-Q4,1.2898547251428472
3205,Netherlands,2006-Q4,0.8005271790065605
290,Luxembourg,2006-Q4,1.952995668912405
8681,Germany,2007-Q1,1.785079369197784
2528,Italy,2007-Q1,1.735293629954593
3759,Norway,2007-Q1,1.0012094914381153
291,Luxembourg,2007-Q1,2.136321441667488
5541,Korea,2007-Q1,2.004077730496534
8497,Belgium,2007-Q1,1.7496881635451267
3574,New Zealand,2007-Q1,2.5354789421300206
2337,Australia,2007-Q1,2.4852026519905923
6847,Ireland,2007-Q1,4.984424606037563
616,Portugal,2007-Q1,2.4160828187793415
8313,Finland,2007-Q1,2.354115178319005
1969,United States,2007-Q1,2.4240904254748674
5976,Austria,2007-Q1,1.655085723527372
5726,Spain,2007-Q1,2.42259326509644
8866,Canada,2007-Q1,1.8165162732675766
3028,Mexico,2007-Q1,4.100109418671427
8129,France,2007-Q1,1.162397020652306
2427,Sweden,2007-Q1,1.9457364600296234
7577,Denmark,2007-Q1,1.8860391445155722
2152,United Kingdom,2007-Q1,2.7431421446383997
5910,Japan,2007-Q1,-0.10518203362746004
3206,Netherlands,2007-Q1,1.5741746035811133
5542,Korea,2007-Q2,2.448505289199576
3760,Norway,2007-Q2,0.3164477722924053
617,Portugal,2007-Q2,2.540579323880121
2428,Sweden,2007-Q2,1.810807546328852
5727,Spain,2007-Q2,2.3872714444001852
5977,Austria,2007-Q2,1.9028857617339634
3575,New Zealand,2007-Q2,2.00000119924999
2153,United Kingdom,2007-Q2,2.5862068965517127
5911,Japan,2007-Q2,-0.06980660987444542
8130,France,2007-Q2,1.172878622812612
8682,Germany,2007-Q2,2.0596516050275238
2529,Italy,2007-Q2,1.5934249163236602
1970,United States,2007-Q2,2.650689165357978
8867,Canada,2007-Q2,2.192455416176786
3029,Mexico,2007-Q2,3.974132713602896
6848,Ireland,2007-Q2,5.021836477365138
7578,Denmark,2007-Q2,1.592225119050461
3207,Netherlands,2007-Q2,1.7902813299232712
292,Luxembourg,2007-Q2,2.011504929280994
8498,Belgium,2007-Q2,1.4502815651617151
8314,Finland,2007-Q2,2.4606262699404358
2338,Australia,2007-Q2,2.095463222470717
8683,Germany,2007-Q3,2.2654858512854092
618,Portugal,2007-Q3,2.1747647222637223
2154,United Kingdom,2007-Q3,1.9583843329253225
5912,Japan,2007-Q3,-0.13923469636322183
7579,Denmark,2007-Q3,1.1253434225843906
6849,Ireland,2007-Q3,4.747518180706889
8131,France,2007-Q3,1.2681331821544406
3576,New Zealand,2007-Q3,1.7874898102457903
3030,Mexico,2007-Q3,3.9866881315105296
5728,Spain,2007-Q3,2.3654840515655806
8868,Canada,2007-Q3,2.1302486503375517
1971,United States,2007-Q3,2.360460767534245
2530,Italy,2007-Q3,1.6360073279999332
2429,Sweden,2007-Q3,1.9412328338741291
293,Luxembourg,2007-Q3,1.9392219463166604
3761,Norway,2007-Q3,0.15816132858836873
3208,Netherlands,2007-Q3,1.289348356371245
5978,Austria,2007-Q3,1.9331473602462124
8499,Belgium,2007-Q3,1.3313185729932453
2339,Australia,2007-Q3,1.8454402926574298
5543,Korea,2007-Q3,2.300700901697361
8315,Finland,2007-Q3,2.488539973126769
8869,Canada,2007-Q4,2.411477510540272
2430,Sweden,2007-Q4,3.142279315881513
2340,Australia,2007-Q4,2.886846379477781
1972,United States,2007-Q4,3.9743885325604023
8500,Belgium,2007-Q4,2.7596409772388197
3577,New Zealand,2007-Q4,3.184074247055979
3031,Mexico,2007-Q4,3.8105465679885597
8316,Finland,2007-Q4,2.736165494000997
2531,Italy,2007-Q4,2.3517504497020614
3762,Norway,2007-Q4,1.3725411764705875
8132,France,2007-Q4,2.3454077530468798
6850,Ireland,2007-Q4,4.794521422112519
5979,Austria,2007-Q4,3.1772051968093296
5729,Spain,2007-Q4,3.9588936559109555
5913,Japan,2007-Q4,0.4886668398032423
8684,Germany,2007-Q4,3.077467501105069
619,Portugal,2007-Q4,2.682678988191589
294,Luxembourg,2007-Q4,3.1585612696598098
2155,United Kingdom,2007-Q4,2.1871202916160293
7580,Denmark,2007-Q4,2.1713880507410854
3209,Netherlands,2007-Q4,1.8014179599975977
5544,Korea,2007-Q4,3.3794987408925836
2431,Sweden,2008-Q1,3.2368367795763575
8870,Canada,2008-Q1,1.784084703751354
8317,Finland,2008-Q1,3.8224744607346928
295,Luxembourg,2008-Q1,3.2997067792634116
1973,United States,2008-Q1,4.095435103992018
8501,Belgium,2008-Q1,3.8295110240610164
3578,New Zealand,2008-Q1,3.3663301207288665
2156,United Kingdom,2008-Q1,2.5485436893203817
7581,Denmark,2008-Q1,3.046671926211797
3763,Norway,2008-Q1,3.5289372113823436
5730,Spain,2008-Q1,4.381990715666073
3032,Mexico,2008-Q1,3.892421352016928
5914,Japan,2008-Q1,0.9828015927136668
5545,Korea,2008-Q1,3.8016647653578595
3210,Netherlands,2008-Q1,2.139635380686822
6851,Ireland,2008-Q1,4.70538400323206
8133,France,2008-Q1,2.9488286479250503
2341,Australia,2008-Q1,4.272521700056475
5980,Austria,2008-Q1,3.3213952362435073
8685,Germany,2008-Q1,2.9463370485602436
620,Portugal,2008-Q1,2.9299304155240957
2532,Italy,2008-Q1,3.0549987466059747
7582,Denmark,2008-Q2,3.5168233944954164
296,Luxembourg,2008-Q2,3.920507420372221
2157,United Kingdom,2008-Q2,3.361344537815114
2533,Italy,2008-Q2,3.5669059324493935
8871,Canada,2008-Q2,2.3539928520006193
3764,Norway,2008-Q2,3.233446499741577
5915,Japan,2008-Q2,1.327282974885824
3579,New Zealand,2008-Q2,4.019603739590627
1974,United States,2008-Q2,4.379389590475147
5546,Korea,2008-Q2,4.845073678099521
3033,Mexico,2008-Q2,4.916715150941053
6852,Ireland,2008-Q2,4.573794092902306
8318,Finland,2008-Q2,4.06660849947551
8686,Germany,2008-Q2,2.8879719658302605
621,Portugal,2008-Q2,2.870458614564364
3211,Netherlands,2008-Q2,2.3069894929191426
2342,Australia,2008-Q2,4.446977187266454
8502,Belgium,2008-Q2,5.057269790425489
5981,Austria,2008-Q2,3.605924281804951
5731,Spain,2008-Q2,4.600654902453427
2432,Sweden,2008-Q2,3.794205729814415
8134,France,2008-Q2,3.304880145181821
8687,Germany,2008-Q3,3.0806567122579454
5547,Korea,2008-Q3,5.540921221885586
8503,Belgium,2008-Q3,5.58853461251132
7583,Denmark,2008-Q3,4.1826514127915715
5982,Austria,2008-Q3,3.7287019748236006
6853,Ireland,2008-Q3,4.367529928909719
3765,Norway,2008-Q3,4.697990710540512
297,Luxembourg,2008-Q3,4.2879828326180425
3212,Netherlands,2008-Q3,3.168956422018354
8319,Finland,2008-Q3,4.568689825566308
2343,Australia,2008-Q3,4.9830238093467205
2433,Sweden,2008-Q3,4.283752791275952
5732,Spain,2008-Q3,4.9048296117414125
8872,Canada,2008-Q3,3.426701892627948
8135,France,2008-Q3,3.2499724578605393
5916,Japan,2008-Q3,2.1610390143947944
622,Portugal,2008-Q3,3.055717344157838
1975,United States,2008-Q3,5.302828355720157
2158,United Kingdom,2008-Q3,4.56182472989195
3034,Mexico,2008-Q3,5.480351353152435
2534,Italy,2008-Q3,3.9738354721328584
3580,New Zealand,2008-Q3,5.073166531122175
2535,Italy,2008-Q4,2.7971895685511727
298,Luxembourg,2008-Q4,2.1162205444978266
2344,Australia,2008-Q4,3.703693409299591
6854,Ireland,2008-Q4,2.5327184195737873
8873,Canada,2008-Q4,1.9075992400567676
3035,Mexico,2008-Q4,6.181725591323284
3213,Netherlands,2008-Q4,2.3289444527340164
5917,Japan,2008-Q4,1.04202767508903
5983,Austria,2008-Q4,2.222223760969211
8320,Finland,2008-Q4,3.804693482786581
8688,Germany,2008-Q4,1.6129080315333555
7584,Denmark,2008-Q4,2.92219332658874
5733,Spain,2008-Q4,2.4533418221534875
3766,Norway,2008-Q4,3.558998341121722
5548,Korea,2008-Q4,4.495432984606529
8504,Belgium,2008-Q4,3.4911889884912117
3581,New Zealand,2008-Q4,3.375119737076293
2434,Sweden,2008-Q4,2.448297248444309
1976,United States,2008-Q4,1.6016896627952804
2159,United Kingdom,2008-Q4,3.68608799048753
623,Portugal,2008-Q4,1.511681378138352
8136,France,2008-Q4,1.7605724869749206
624,Portugal,2009-Q1,-0.011192419001526677
3036,Mexico,2009-Q1,6.175402020163179
3582,New Zealand,2009-Q1,2.9693498583242217
3767,Norway,2009-Q1,2.4511643987424003
1977,United States,2009-Q1,-0.040240301986638194
3214,Netherlands,2009-Q1,1.955163507026647
2345,Australia,2009-Q1,2.4363167376312056
6855,Ireland,2009-Q1,-1.4170099534905667
299,Luxembourg,2009-Q1,0.662334443355328
5734,Spain,2009-Q1,0.4674061728848544
8137,France,2009-Q1,0.6248907576265283
8505,Belgium,2009-Q1,1.618976535633121
8689,Germany,2009-Q1,0.8177100350013511
7585,Denmark,2009-Q1,1.7589744850683209
5918,Japan,2009-Q1,-0.104278277250347
2536,Italy,2009-Q1,1.482217642890693
8874,Canada,2009-Q1,1.2477759178819214
2435,Sweden,2009-Q1,0.7897577615156637
5984,Austria,2009-Q1,1.1030520392909082
5549,Korea,2009-Q1,3.911039840852615
8321,Finland,2009-Q1,1.622473994004836
2160,United Kingdom,2009-Q1,2.9585798816567976
2537,Italy,2009-Q2,0.8549166822127363
625,Portugal,2009-Q2,-1.1033855183149033
5550,Korea,2009-Q2,2.7657465379622215
3768,Norway,2009-Q2,3.1321580163423235
2436,Sweden,2009-Q2,-0.580797748244366
3583,New Zealand,2009-Q2,1.8850153201082076
3037,Mexico,2009-Q2,5.962407112907742
6856,Ireland,2009-Q2,-4.49303352050231
3215,Netherlands,2009-Q2,1.6112190221031497
8875,Canada,2009-Q2,0.058220665053099196
5735,Spain,2009-Q2,-0.6750392734497734
300,Luxembourg,2009-Q2,-0.1004539065575405
8506,Belgium,2009-Q2,-0.2962963455086176
7586,Denmark,2009-Q2,1.218611476417597
5919,Japan,2009-Q2,-0.9307098285135651
2346,Australia,2009-Q2,1.4192057864259366
8690,Germany,2009-Q2,0.27054572851381575
5985,Austria,2009-Q2,0.2796733074156066
1978,United States,2009-Q2,-1.1504511385487137
8322,Finland,2009-Q2,0.2153889889026761
2161,United Kingdom,2009-Q2,1.9744483159117365
8138,France,2009-Q2,-0.20662272153108008
3216,Netherlands,2009-Q3,0.2816036267221156
3769,Norway,2009-Q3,1.8099547511312153
5986,Austria,2009-Q3,0.031001914976558353
2347,Australia,2009-Q3,1.1866202839483808
3584,New Zealand,2009-Q3,1.6713113013554937
3038,Mexico,2009-Q3,5.136456124613686
8876,Canada,2009-Q3,-0.8643069769843525
8507,Belgium,2009-Q3,-1.2188793035289192
5920,Japan,2009-Q3,-2.2518054497679074
8691,Germany,2009-Q3,-0.23506626268396946
1979,United States,2009-Q3,-1.6233588306576285
8323,Finland,2009-Q3,-0.7638204535431181
2538,Italy,2009-Q3,0.12094766695875947
5551,Korea,2009-Q3,1.9801047486874834
2162,United Kingdom,2009-Q3,1.2629161882893314
6857,Ireland,2009-Q3,-6.079747253857448
7587,Denmark,2009-Q3,0.9944751381215422
8139,France,2009-Q3,-0.4232501067008121
2437,Sweden,2009-Q3,-1.4165954713022733
5736,Spain,2009-Q3,-1.0686068322628306
626,Portugal,2009-Q3,-1.5129469137636242
301,Luxembourg,2009-Q3,-0.14460551147095213
5552,Korea,2009-Q4,2.4067369858859156
2539,Italy,2009-Q4,0.6559846122333068
3585,New Zealand,2009-Q4,1.9589614852800974
3039,Mexico,2009-Q4,3.975119976571029
5737,Spain,2009-Q4,0.14329604370497684
8508,Belgium,2009-Q4,-0.2777704328658426
302,Luxembourg,2009-Q4,1.0641872969642696
5921,Japan,2009-Q4,-2.0281925665118217
2163,United Kingdom,2009-Q4,1.6055045871559592
8877,Canada,2009-Q4,0.7897071645582621
8692,Germany,2009-Q4,0.40527037193063276
2348,Australia,2009-Q4,2.056277901255732
1980,United States,2009-Q4,1.4439242543501374
8324,Finland,2009-Q4,-1.038481114535994
6858,Ireland,2009-Q4,-5.7370845640347445
627,Portugal,2009-Q4,-0.7009709091469474
3217,Netherlands,2009-Q4,0.9259948280399666
5987,Austria,2009-Q4,0.6211152075231041
8140,France,2009-Q4,0.36461126005362665
7588,Denmark,2009-Q4,1.2536836283185915
3770,Norway,2009-Q4,1.4195032282220188
2438,Sweden,2009-Q4,-0.7415090978390548
2439,Sweden,2010-Q1,0.6840839213273942
5922,Japan,2010-Q1,-0.8698654112459292
6859,Ireland,2010-Q1,-3.3675537947857936
8141,France,2010-Q1,1.3245746284729742
8693,Germany,2010-Q1,0.8110886382276528
303,Luxembourg,2010-Q1,1.9701506948095249
8325,Finland,2010-Q1,0.16168618575727045
3218,Netherlands,2010-Q1,0.8847956463793771
8509,Belgium,2010-Q1,0.9888547903204037
5738,Spain,2010-Q1,1.0925719034673875
2164,United Kingdom,2010-Q1,2.4137931034482696
5988,Austria,2010-Q1,1.4027368474014645
1981,United States,2010-Q1,2.360522290374689
3040,Mexico,2010-Q1,4.753243692190123
7589,Denmark,2010-Q1,2.096359032598727
3771,Norway,2010-Q1,2.9532787254787918
8878,Canada,2010-Q1,1.6138475520101503
2349,Australia,2010-Q1,2.9189238645757953
2540,Italy,2010-Q1,1.2901594420379192
5553,Korea,2010-Q1,2.984329244416184
628,Portugal,2010-Q1,0.29590890330952746
3586,New Zealand,2010-Q1,2.0465117109269793
8510,Belgium,2010-Q2,2.1755914496043083
8694,Germany,2010-Q2,1.1129818490936305
5923,Japan,2010-Q2,-0.8002774087220166
8326,Finland,2010-Q2,0.9325437806244619
5554,Korea,2010-Q2,2.6630923720635247
629,Portugal,2010-Q2,0.9855539340940078
1982,United States,2010-Q2,1.7677686155196826
2350,Australia,2010-Q2,3.1216362427799016
3772,Norway,2010-Q2,2.5926000000000116
2440,Sweden,2010-Q2,0.9275764700112044
5989,Austria,2010-Q2,1.9522757512191014
3587,New Zealand,2010-Q2,1.6651270189917522
8879,Canada,2010-Q2,1.3965712990324786
8142,France,2010-Q2,1.6135869189213947
3041,Mexico,2010-Q2,3.960396410690459
2541,Italy,2010-Q2,1.4047027979950055
2165,United Kingdom,2010-Q2,2.505694760820054
7590,Denmark,2010-Q2,2.188982043451948
5739,Spain,2010-Q2,1.5896610170958114
3219,Netherlands,2010-Q2,0.9704544977644725
304,Luxembourg,2010-Q2,2.208487661855707
6860,Ireland,2010-Q2,-1.3322174804335285
3220,Netherlands,2010-Q3,1.559212948117028
2441,Sweden,2010-Q3,1.1254421398577241
8327,Finland,2010-Q3,1.0704471321513198
8143,France,2010-Q3,1.5430332372408984
2351,Australia,2010-Q3,2.8784581123585173
8880,Canada,2010-Q3,1.8308579454181073
6861,Ireland,2010-Q3,0.16813976947307463
630,Portugal,2010-Q3,1.9462299160288632
2542,Italy,2010-Q3,1.6187409078852744
5924,Japan,2010-Q3,-1.0122112711910214
2166,United Kingdom,2010-Q3,2.3809523809523725
3773,Norway,2010-Q3,1.8518444444444393
7591,Denmark,2010-Q3,2.3705361050328166
5740,Spain,2010-Q3,1.9537331742557118
5555,Korea,2010-Q3,2.8739223606880193
1983,United States,2010-Q3,1.1756028458563383
305,Luxembourg,2010-Q3,2.357706334809073
8511,Belgium,2010-Q3,2.60007161371989
3588,New Zealand,2010-Q3,1.461190245180366
3042,Mexico,2010-Q3,3.670367986587242
8695,Germany,2010-Q3,1.1107342074227589
5990,Austria,2010-Q3,1.79676547078631
2442,Sweden,2010-Q4,1.8903741002584962
6862,Ireland,2010-Q4,0.9298393381191428
3221,Netherlands,2010-Q4,1.6876119859837058
5991,Austria,2010-Q4,2.098762744832272
3589,New Zealand,2010-Q4,4.02561764663929
8696,Germany,2010-Q4,1.3790658202206485
3043,Mexico,2010-Q4,4.248281422284084
3774,Norway,2010-Q4,2.2836132596685044
5741,Spain,2010-Q4,2.5511372939331034
8144,France,2010-Q4,1.641906186558395
306,Luxembourg,2010-Q4,2.553014852582569
8512,Belgium,2010-Q4,2.9943135146553113
2352,Australia,2010-Q4,2.7571537078337593
5556,Korea,2010-Q4,3.2344783932565013
2543,Italy,2010-Q4,1.7861369472502497
631,Portugal,2010-Q4,2.3830687040644394
8881,Canada,2010-Q4,2.2634902032772297
2167,United Kingdom,2010-Q4,2.8216704288938965
1984,United States,2010-Q4,1.2702524857497677
5925,Japan,2010-Q4,-0.2806960368383016
7592,Denmark,2010-Q4,2.5855827598536996
8328,Finland,2010-Q4,2.578806941065137
3044,Mexico,2011-Q1,3.4630073011771234
5992,Austria,2011-Q1,2.873398930221205
8329,Finland,2011-Q1,3.222986454741239
3222,Netherlands,2011-Q1,1.864148036250124
5557,Korea,2011-Q1,3.8383230238598243
3775,Norway,2011-Q1,1.379814814814817
5926,Japan,2011-Q1,-0.526505285997636
7593,Denmark,2011-Q1,2.701729203952774
8145,France,2011-Q1,1.796152619832081
307,Luxembourg,2011-Q1,3.4880569678067186
632,Portugal,2011-Q1,3.7311049929413587
1985,United States,2011-Q1,2.14112897897194
8513,Belgium,2011-Q1,3.376373334732663
2353,Australia,2011-Q1,3.2562978281432287
5742,Spain,2011-Q1,3.4849539953414332
8697,Germany,2011-Q1,1.8773026994156394
8882,Canada,2011-Q1,2.598911139233784
6863,Ireland,2011-Q1,2.2524480192526175
2443,Sweden,2011-Q1,2.6122657276902217
2544,Italy,2011-Q1,2.3385058262735514
3590,New Zealand,2011-Q1,4.466719665425667
2168,United Kingdom,2011-Q1,3.4792368125701634
8698,Germany,2011-Q2,2.001332834637637
3776,Norway,2011-Q2,1.4440287766044113
2354,Australia,2011-Q2,3.5490602377572067
5743,Spain,2011-Q2,3.4927488217048053
5927,Japan,2011-Q2,-0.3858268253673858
2169,United Kingdom,2011-Q2,3.777777777777791
308,Luxembourg,2011-Q2,3.6146370791429794
633,Portugal,2011-Q2,3.7617177441915173
1986,United States,2011-Q2,3.430393519852082
2545,Italy,2011-Q2,2.6712940180750877
8514,Belgium,2011-Q2,3.479353555932563
5558,Korea,2011-Q2,3.982042663058105
8146,France,2011-Q2,2.065767284991571
6864,Ireland,2011-Q2,2.827004480381512
3591,New Zealand,2011-Q2,5.277529252587909
7594,Denmark,2011-Q2,3.0346268106166807
8330,Finland,2011-Q2,3.3484516628892624
5993,Austria,2011-Q2,3.314102759593962
3223,Netherlands,2011-Q2,2.1180834862148723
8883,Canada,2011-Q2,3.357234276198673
2444,Sweden,2011-Q2,3.2542443844160385
3045,Mexico,2011-Q2,3.2956157959402654
6865,Ireland,2011-Q3,2.4339133940616264
8515,Belgium,2011-Q3,3.636617962738975
8331,Finland,2011-Q3,3.8307482069579235
1987,United States,2011-Q3,3.756170066599185
2546,Italy,2011-Q3,2.8057924197479434
3777,Norway,2011-Q3,1.4909128357027734
8699,Germany,2011-Q3,2.1970755685963184
5559,Korea,2011-Q3,4.316328963572702
3046,Mexico,2011-Q3,3.3686500836940914
5928,Japan,2011-Q3,0.1410512416561538
634,Portugal,2011-Q3,3.204567802423375
8147,France,2011-Q3,2.138654040687049
309,Luxembourg,2011-Q3,3.170338913607762
8884,Canada,2011-Q3,2.9965742477139568
7595,Denmark,2011-Q3,2.7075132630027365
2445,Sweden,2011-Q3,3.3166646618317586
3592,New Zealand,2011-Q3,4.590450214181074
2170,United Kingdom,2011-Q3,3.9867109634551534
3224,Netherlands,2011-Q3,2.870436724965497
2355,Australia,2011-Q3,3.4197024509956098
5994,Austria,2011-Q3,3.5398386732231613
5744,Spain,2011-Q3,3.0650795290999344
2446,Sweden,2011-Q4,2.66370085441201
3593,New Zealand,2011-Q4,1.8469609403132248
8700,Germany,2011-Q4,2.222967409110388
8148,France,2011-Q4,2.4423647377086466
8516,Belgium,2011-Q4,3.6332010527439396
2547,Italy,2011-Q4,3.300112077502937
1988,United States,2011-Q4,3.293780993091233
8332,Finland,2011-Q4,3.2658124927192445
635,Portugal,2011-Q4,3.9143708457094695
5929,Japan,2011-Q4,-0.31667711128097187
3047,Mexico,2011-Q4,3.5003619169039712
8885,Canada,2011-Q4,2.695805446195476
7596,Denmark,2011-Q4,2.5914164004259943
5560,Korea,2011-Q4,3.964541152809775
6866,Ireland,2011-Q4,2.680065903754558
3225,Netherlands,2011-Q4,2.5075225567996684
5995,Austria,2011-Q4,3.4139855579647937
5745,Spain,2011-Q4,2.7532756324146535
310,Luxembourg,2011-Q4,3.3721224690032248
2356,Australia,2011-Q4,2.992787330307678
2171,United Kingdom,2011-Q4,3.9517014270032957
3778,Norway,2011-Q4,0.8282354761168342
5746,Spain,2012-Q1,1.956946200015075
8517,Belgium,2012-Q1,3.5572724614967965
1989,United States,2012-Q1,2.815188799293944
3779,Norway,2012-Q1,0.8237857871136844
5930,Japan,2012-Q1,0.3175710627900008
3048,Mexico,2012-Q1,3.881257210244904
311,Luxembourg,2012-Q1,2.8717036285818676
7597,Denmark,2012-Q1,2.7008103367523573
8886,Canada,2012-Q1,2.3360471960765183
5996,Austria,2012-Q1,2.585069928189787
3594,New Zealand,2012-Q1,1.5706827102465404
8701,Germany,2012-Q1,2.1388635462768812
5561,Korea,2012-Q1,3.0125492084455585
8333,Finland,2012-Q1,3.0767672813464264
636,Portugal,2012-Q1,3.4182707891132313
2447,Sweden,2012-Q1,1.76240244726249
6867,Ireland,2012-Q1,2.1612671817477835
2357,Australia,2012-Q1,1.6276780186572415
3226,Netherlands,2012-Q1,2.478471846968544
2172,United Kingdom,2012-Q1,3.145336225596518
2548,Italy,2012-Q1,3.250165564403873
8149,France,2012-Q1,2.3143349342242603
3595,New Zealand,2012-Q2,0.9507243023905154
2448,Sweden,2012-Q2,1.115828137888264
5747,Spain,2012-Q2,1.966411125080425
7598,Denmark,2012-Q2,2.182952182952169
3227,Netherlands,2012-Q2,2.205569051199374
2173,United Kingdom,2012-Q2,2.569593147751603
3049,Mexico,2012-Q2,3.865038804304599
8887,Canada,2012-Q2,1.5824594189008279
6868,Ireland,2012-Q2,1.8054882266614225
5931,Japan,2012-Q2,0.17604755141169548
312,Luxembourg,2012-Q2,2.5495779100584537
5562,Korea,2012-Q2,2.4287448785505594
8518,Belgium,2012-Q2,2.7481793855139713
2549,Italy,2012-Q2,3.2845587698565604
1990,United States,2012-Q2,1.8897618266177307
3780,Norway,2012-Q2,0.39146266131409035
8334,Finland,2012-Q2,2.997944012385023
8702,Germany,2012-Q2,1.8639642103729148
637,Portugal,2012-Q2,2.8041919361264878
8150,France,2012-Q2,1.9998554316398298
2358,Australia,2012-Q2,1.2096830653596902
5997,Austria,2012-Q2,2.222937841119199
5998,Austria,2012-Q3,2.3495318640888163
3228,Netherlands,2012-Q3,2.2916962191150025
313,Luxembourg,2012-Q3,2.6580516600837933
638,Portugal,2012-Q3,2.9091624355612966
5563,Korea,2012-Q3,1.6100064291636684
3781,Norway,2012-Q3,0.3583016968219832
8519,Belgium,2012-Q3,2.642119834910761
6869,Ireland,2012-Q3,1.7615623137706482
8703,Germany,2012-Q3,2.019537675523164
2550,Italy,2012-Q3,3.1684541965749657
2174,United Kingdom,2012-Q3,2.342917997870053
2359,Australia,2012-Q3,2.003995626971111
1991,United States,2012-Q3,1.6977887643939926
5932,Japan,2012-Q3,-0.42253695032350436
3596,New Zealand,2012-Q3,0.7745276817764379
7599,Denmark,2012-Q3,2.4627159209157146
8335,Finland,2012-Q3,2.7823286464110586
2449,Sweden,2012-Q3,0.6219936646393531
8151,France,2012-Q3,1.976784791817332
8888,Canada,2012-Q3,1.2191747558515376
5748,Spain,2012-Q3,2.758532868664787
3050,Mexico,2012-Q3,4.5867875595142715
7600,Denmark,2012-Q4,2.2491278720326635
8336,Finland,2012-Q4,2.3830819882836307
8520,Belgium,2012-Q4,2.4241960602396695
8152,France,2012-Q4,1.5324166239097048
3782,Norway,2012-Q4,1.2142820561227063
3229,Netherlands,2012-Q4,2.8456254075568177
1992,United States,2012-Q4,1.8893628369122784
8889,Canada,2012-Q4,0.939482074099951
3051,Mexico,2012-Q4,4.111520965665472
639,Portugal,2012-Q4,1.9797354953591917
2450,Sweden,2012-Q4,0.070026963373504
5749,Spain,2012-Q4,3.090572656141366
5564,Korea,2012-Q4,1.7155713579725784
6870,Ireland,2012-Q4,1.0603606841453894
2551,Italy,2012-Q4,2.4711188757630564
2360,Australia,2012-Q4,2.204402742022493
8704,Germany,2012-Q4,2.0123274009912206
3597,New Zealand,2012-Q4,0.9499137068165187
314,Luxembourg,2012-Q4,2.575548132838934
5933,Japan,2012-Q4,-0.24708804322703948
2175,United Kingdom,2012-Q4,2.428722280887019
5999,Austria,2012-Q4,2.7848913998832714
3783,Norway,2013-Q1,1.2433320608645104
2552,Italy,2013-Q1,1.907794365471016
2361,Australia,2013-Q1,2.5025005604704553
7601,Denmark,2013-Q1,1.1611987704918114
2176,United Kingdom,2013-Q1,2.4185068349106276
3052,Mexico,2013-Q1,3.6867775676336922
8337,Finland,2013-Q1,1.6804117727893253
5934,Japan,2013-Q1,-0.6682996961934862
6000,Austria,2013-Q1,2.488043607634638
8521,Belgium,2013-Q1,1.2534278786233033
3230,Netherlands,2013-Q1,2.963405735698177
315,Luxembourg,2013-Q1,2.123097777269334
3598,New Zealand,2013-Q1,0.8591122294037579
8890,Canada,2013-Q1,0.9075832543945062
6871,Ireland,2013-Q1,0.9764044272616124
8705,Germany,2013-Q1,1.5463886018913575
8153,France,2013-Q1,1.0612605509962902
2451,Sweden,2013-Q1,-0.0562681522258468
640,Portugal,2013-Q1,0.20189428176835555
5750,Spain,2013-Q1,2.6210441544830543
5565,Korea,2013-Q1,1.557343153044899
1993,United States,2013-Q1,1.681835554111144
5566,Korea,2013-Q2,1.215576557574538
7602,Denmark,2013-Q2,0.8477416073245259
3784,Norway,2013-Q2,1.9496703987830655
8891,Canada,2013-Q2,0.7652319734593904
3053,Mexico,2013-Q2,4.455940883011467
5935,Japan,2013-Q2,-0.28118935598646644
5751,Spain,2013-Q2,1.7233334762508878
6001,Austria,2013-Q2,2.143074389061006
316,Luxembourg,2013-Q2,1.8106375573758715
3231,Netherlands,2013-Q2,2.7487265089733537
1994,United States,2013-Q2,1.3928649412693783
2177,United Kingdom,2013-Q2,2.4008350730688965
8522,Belgium,2013-Q2,1.2596746080831611
2452,Sweden,2013-Q2,-0.27619199172519426
3599,New Zealand,2013-Q2,0.6849381174649061
2362,Australia,2013-Q2,2.390438546104412
8154,France,2013-Q2,0.8065366858931888
641,Portugal,2013-Q2,0.6227409188297894
8706,Germany,2013-Q2,1.508822394456133
2553,Italy,2013-Q2,1.1649798889467267
8338,Finland,2013-Q2,1.5038929467010798
6872,Ireland,2013-Q2,0.5240182368921431
1995,United States,2013-Q3,1.5533534737232513
2453,Sweden,2013-Q3,0.09025090550411896
5567,Korea,2013-Q3,1.365847286244115
8155,France,2013-Q3,0.938843704665282
8523,Belgium,2013-Q3,1.1373201620578532
317,Luxembourg,2013-Q3,1.6987430064133724
8707,Germany,2013-Q3,1.6283576142199774
642,Portugal,2013-Q3,0.34203728242556686
3785,Norway,2013-Q3,2.9989181364184825
3232,Netherlands,2013-Q3,2.7727908578616622
8339,Finland,2013-Q3,1.342551070716258
6002,Austria,2013-Q3,1.8238994170290956
6873,Ireland,2013-Q3,0.3220948376908339
7603,Denmark,2013-Q3,0.5077860356199615
2554,Italy,2013-Q3,1.1282036355462877
8892,Canada,2013-Q3,1.1497436843041164
3054,Mexico,2013-Q3,3.439712886646573
5936,Japan,2013-Q3,0.8840145486919138
3600,New Zealand,2013-Q3,1.3663564388153082
2178,United Kingdom,2013-Q3,2.393340270551514
5752,Spain,2013-Q3,1.2077668117754348
2363,Australia,2013-Q3,2.1611050798064246
3786,Norway,2013-Q4,2.2935708435578572
2179,United Kingdom,2013-Q4,1.9587628865979534
8893,Canada,2013-Q4,0.9307379578292752
1996,United States,2013-Q4,1.2334716466028128
3055,Mexico,2013-Q4,3.651516673801569
643,Portugal,2013-Q4,-0.06835207097573015
318,Luxembourg,2013-Q4,1.3114908497047217
2454,Sweden,2013-Q4,0.06569156067797177
5937,Japan,2013-Q4,1.4154200938100825
6003,Austria,2013-Q4,1.5571495728523788
7604,Denmark,2013-Q4,0.6429746192893493
8708,Germany,2013-Q4,1.336304103030339
3601,New Zealand,2013-Q4,1.6253171626422036
2555,Italy,2013-Q4,0.6890063207141139
8524,Belgium,2013-Q4,0.8045814991921585
5753,Spain,2013-Q4,0.12815894480158185
5568,Korea,2013-Q4,1.0682569476941017
8156,France,2013-Q4,0.6502004076272216
2364,Australia,2013-Q4,2.745100233285269
8340,Finland,2013-Q4,1.3884579418362408
6874,Ireland,2013-Q4,0.24212344335250435
3233,Netherlands,2013-Q4,1.5570220664054446
2180,United Kingdom,2014-Q1,1.642710472279263
7605,Denmark,2014-Q1,0.6077076504965584
3056,Mexico,2014-Q1,4.157127584144593
1997,United States,2014-Q1,1.4054532601082803
5754,Spain,2014-Q1,0.01145080728193193
5569,Korea,2014-Q1,1.1283737519550474
8894,Canada,2014-Q1,1.3900291331031323
5938,Japan,2014-Q1,1.522647400098509
6004,Austria,2014-Q1,1.5873009312862507
6875,Ireland,2014-Q1,0.08057107061125723
2556,Italy,2014-Q1,0.4992156863928843
3234,Netherlands,2014-Q1,1.095937217341647
644,Portugal,2014-Q1,-0.1312004523554955
2455,Sweden,2014-Q1,-0.3478989563031276
8709,Germany,2014-Q1,1.2055843130597488
3602,New Zealand,2014-Q1,1.533211460661943
8525,Belgium,2014-Q1,1.0003658133452609
8157,France,2014-Q1,0.7270034422603322
3787,Norway,2014-Q1,2.1052631578947434
8341,Finland,2014-Q1,1.3233493921814832
2365,Australia,2014-Q1,2.929685281963379
319,Luxembourg,2014-Q1,1.07507966237943
2181,United Kingdom,2014-Q2,1.6309887869520923
645,Portugal,2014-Q2,-0.3331133183510415
2456,Sweden,2014-Q2,0.008477255523420268
5755,Spain,2014-Q2,0.2193726260252049
1998,United States,2014-Q2,2.0508353917779054
8895,Canada,2014-Q2,2.2240308406632714
5570,Korea,2014-Q2,1.6076559954778524
6005,Austria,2014-Q2,1.7587297067384045
8710,Germany,2014-Q2,1.075278987058148
3788,Norway,2014-Q2,1.8775972921558637
3603,New Zealand,2014-Q2,1.6156426251378253
8342,Finland,2014-Q2,0.9229507020856786
320,Luxembourg,2014-Q2,0.8892182589247843
5939,Japan,2014-Q2,3.560093548144505
8158,France,2014-Q2,0.6293552701310823
7606,Denmark,2014-Q2,0.6052454810102637
8526,Belgium,2014-Q2,0.4168790115001375
6876,Ireland,2014-Q2,0.3608202234654634
3057,Mexico,2014-Q2,3.586362108800212
2366,Australia,2014-Q2,3.0155597701494896
2557,Italy,2014-Q2,0.43577128707354973
3235,Netherlands,2014-Q2,0.987550730519482
5756,Spain,2014-Q3,-0.3294635855775385
3236,Netherlands,2014-Q3,0.9183879123195959
8896,Canada,2014-Q3,2.0838901667155296
3604,New Zealand,2014-Q3,1.0109566185717123
7607,Denmark,2014-Q3,0.5725766058411574
2182,United Kingdom,2014-Q3,1.4227642276422703
8343,Finland,2014-Q3,1.1024442927297873
646,Portugal,2014-Q3,-0.5355634522911323
3058,Mexico,2014-Q3,4.146792582836101
321,Luxembourg,2014-Q3,0.6364922206506307
8527,Belgium,2014-Q3,0.0798438010322311
1999,United States,2014-Q3,1.7831153578255154
8159,France,2014-Q3,0.39817324099167273
5571,Korea,2014-Q3,1.381065983585028
5940,Japan,2014-Q3,3.3649240491463894
2457,Sweden,2014-Q3,-0.1665742362521372
3789,Norway,2014-Q3,2.149050408946307
2367,Australia,2014-Q3,2.3076927058986785
8711,Germany,2014-Q3,0.8482577997326324
6877,Ireland,2014-Q3,0.3611098094851606
2558,Italy,2014-Q3,-0.062061459833440136
6006,Austria,2014-Q3,1.6676972105802434
2559,Italy,2014-Q4,0.09330928678179529
7608,Denmark,2014-Q4,0.47074984770509865
2458,Sweden,2014-Q4,-0.21298384590250352
8160,France,2014-Q4,0.2778082649013136
322,Luxembourg,2014-Q4,-0.08048829835967108
8528,Belgium,2014-Q4,-0.1330165419504481
2183,United Kingdom,2014-Q4,1.1122345803842304
3059,Mexico,2014-Q4,4.1817696203185095
2368,Australia,2014-Q4,1.7175600557814086
6878,Ireland,2014-Q4,-0.04024810194293016
5941,Japan,2014-Q4,2.5820049395592237
3790,Norway,2014-Q4,2.035188066063731
3605,New Zealand,2014-Q4,0.7575868464478441
8344,Finland,2014-Q4,0.8185547239673907
3237,Netherlands,2014-Q4,0.9036450401056051
5572,Korea,2014-Q4,0.9829076626026501
2000,United States,2014-Q4,1.2480262670483855
6007,Austria,2014-Q4,1.4106134857967856
5757,Spain,2014-Q4,-0.5036772591101135
8897,Canada,2014-Q4,1.9256877518782467
8712,Germany,2014-Q4,0.5023571592205567
647,Portugal,2014-Q4,-0.11155593810677766
3238,Netherlands,2015-Q1,0.16210192705758963
3060,Mexico,2015-Q1,3.0677227659683837
8898,Canada,2015-Q1,1.0752655246270226
8161,France,2015-Q1,-0.2405854164939547
2184,United Kingdom,2015-Q1,0.40404040404040664
2560,Italy,2015-Q1,-0.24836795142296753
6879,Ireland,2015-Q1,-0.6038615573314976
2459,Sweden,2015-Q1,0.01068714852827668
5942,Japan,2015-Q1,2.30207283889734
8345,Finland,2015-Q1,-0.12172508002936677
5573,Korea,2015-Q1,0.6964459337892137
5758,Spain,2015-Q1,-1.01877517389235
2001,United States,2015-Q1,-0.06269440712634022
8713,Germany,2015-Q1,-0.05110858245154226
323,Luxembourg,2015-Q1,-0.006704023309866969
7609,Denmark,2015-Q1,0.2684496464127717
2369,Australia,2015-Q1,1.328274310951505
3791,Norway,2015-Q1,1.9587628865979534
3606,New Zealand,2015-Q1,0.25168154075463356
648,Portugal,2015-Q1,-0.09519300578938461
6008,Austria,2015-Q1,0.8520282813341051
8529,Belgium,2015-Q1,-0.48031303173485806
2561,Italy,2015-Q2,0.06196152189490434
3061,Mexico,2015-Q2,2.936691050238216
3607,New Zealand,2015-Q2,0.418372670908429
649,Portugal,2015-Q2,0.7181721872589808
5574,Korea,2015-Q2,0.5632269434504122
2370,Australia,2015-Q2,1.5108561616536287
8714,Germany,2015-Q2,0.9688878290603942
8346,Finland,2015-Q2,-0.123477247046333
2573,Luxembourg,2015-Q2,0.5308016068775068
2460,Sweden,2015-Q2,-0.2025393710210044
5759,Spain,2015-Q2,-0.2539231422345578
7610,Denmark,2015-Q2,0.6015742179670491
6009,Austria,2015-Q2,1.0201232353641787
8162,France,2015-Q2,0.21287425149700834
2185,United Kingdom,2015-Q2,0.30090270812437314
3239,Netherlands,2015-Q2,0.8807803376014833
2002,United States,2015-Q2,-0.03827812245809081
3792,Norway,2015-Q2,2.218443837436457
8899,Canada,2015-Q2,0.9020822249514726
5943,Japan,2015-Q2,0.5786582678605878
6880,Ireland,2015-Q2,-0.43942801897074446
8530,Belgium,2015-Q2,0.4915465791456741
2371,Australia,2015-Q3,1.5037259193562802
8531,Belgium,2015-Q3,0.8078137806842189
2574,Luxembourg,2015-Q3,0.5588796305591837
7611,Denmark,2015-Q3,0.6027830074609275
5575,Korea,2015-Q3,0.6463449360543105
3608,New Zealand,2015-Q3,0.41702690840772494
8347,Finland,2015-Q3,-0.33746630620284934
2461,Sweden,2015-Q3,-0.0606462674070718
5760,Spain,2015-Q3,-0.4113012107300529
6010,Austria,2015-Q3,0.9353988115862855
8163,France,2015-Q3,0.08327776483678662
3793,Norway,2015-Q3,2.0020394299979483
2562,Italy,2015-Q3,0.18609999999998905
8715,Germany,2015-Q3,0.7288836956714562
5944,Japan,2015-Q3,0.10172228417488771
6881,Ireland,2015-Q3,-0.19987264575951347
8900,Canada,2015-Q3,1.192974784576628
2186,United Kingdom,2015-Q3,0.4008016032064132
650,Portugal,2015-Q3,0.7669317955495636
2003,United States,2015-Q3,0.10952531727492776
3062,Mexico,2015-Q3,2.6147963118423823
3240,Netherlands,2015-Q3,0.7333544207022147
8901,Canada,2015-Q4,1.3304959227715685
2462,Sweden,2015-Q4,0.06588838507568529
5576,Korea,2015-Q4,0.9198577096366067
2187,United Kingdom,2015-Q4,0.40000000000000036
8348,Finland,2015-Q4,-0.24855672722019495
2563,Italy,2015-Q4,0.15537718402705014
8164,France,2015-Q4,0.09346774236349553
3794,Norway,2015-Q4,2.5017241379310384
651,Portugal,2015-Q4,0.5580619491247552
6011,Austria,2015-Q4,0.7786302516183063
5761,Spain,2015-Q4,-0.3214581245163606
3609,New Zealand,2015-Q4,0.0835367232464801
8716,Germany,2015-Q4,0.4092317030401915
6882,Ireland,2015-Q4,-0.0805586332468855
2575,Luxembourg,2015-Q4,0.8155702764170769
2372,Australia,2015-Q4,1.6885277545430233
7612,Denmark,2015-Q4,0.33466867469880146
3241,Netherlands,2015-Q4,0.6205172066814146
5945,Japan,2015-Q4,0.2381054042389419
8532,Belgium,2015-Q4,1.4319558860975468
3063,Mexico,2015-Q4,2.2743695052268142
2004,United States,2015-Q4,0.4662308594059361
8349,Finland,2016-Q1,-0.03340123448317689
652,Portugal,2016-Q1,0.5441446127994576
3795,Norway,2016-Q1,3.1681496461071657
3242,Netherlands,2016-Q1,0.5833001983647446
6883,Ireland,2016-Q1,-0.12149798950713553
8902,Canada,2016-Q1,1.5425919414324696
8533,Belgium,2016-Q1,1.7907430132084734
5762,Spain,2016-Q1,-0.6579140113135651
6012,Austria,2016-Q1,0.9748039500435679
8717,Germany,2016-Q1,0.3026227167642892
5946,Japan,2016-Q1,0.03408906297674985
3064,Mexico,2016-Q1,2.693726033644439
3610,New Zealand,2016-Q1,0.418372670908429
8165,France,2016-Q1,-0.04019427096988437
2188,United Kingdom,2016-Q1,0.7042253521126751
2373,Australia,2016-Q1,1.310882625479426
5577,Korea,2016-Q1,0.8592949512047587
2005,United States,2016-Q1,1.080239437802355
2564,Italy,2016-Q1,-0.09497334834249749
7613,Denmark,2016-Q1,0.3012048192771122
2576,Luxembourg,2016-Q1,0.24831716223223665
2463,Sweden,2016-Q1,0.651144029808437
653,Portugal,2016-Q2,0.45133094954310504
8166,France,2016-Q2,-0.0065728344751159185
2464,Sweden,2016-Q2,0.8141999346481521
2006,United States,2016-Q2,1.0470682090147454
5947,Japan,2016-Q2,-0.3722776226565694
8534,Belgium,2016-Q2,2.131798476047675
3243,Netherlands,2016-Q2,0.0032865252465041905
8903,Canada,2016-Q2,1.5514487110365627
2577,Luxembourg,2016-Q2,0.019925617669236395
2374,Australia,2016-Q2,1.0232931583703087
7614,Denmark,2016-Q2,0.13295685480294583
3065,Mexico,2016-Q2,2.5586745915169518
8718,Germany,2016-Q2,0.13283494485805125
2565,Italy,2016-Q2,-0.39028565550152106
5763,Spain,2016-Q2,-0.9452010762161067
3611,New Zealand,2016-Q2,0.4167395377888905
5578,Korea,2016-Q2,0.8402587803735706
2189,United Kingdom,2016-Q2,0.8000000000000007
8350,Finland,2016-Q2,0.30982432960511286
3796,Norway,2016-Q2,3.4724471804709722
6884,Ireland,2016-Q2,0.1605154039953316
6013,Austria,2016-Q2,0.5645771201783889
8719,Germany,2016-Q3,0.4973640006325164
3797,Norway,2016-Q3,3.9920159680638667
2375,Australia,2016-Q3,1.2962878034093128
2566,Italy,2016-Q3,-0.01936396366361004
2465,Sweden,2016-Q3,1.0337115944651254
6885,Ireland,2016-Q3,0.12014385409937489
2578,Luxembourg,2016-Q3,0.16632273999241942
3066,Mexico,2016-Q3,2.7840563601360113
8351,Finland,2016-Q3,0.43343111948017654
3244,Netherlands,2016-Q3,0.0066514444554632846
5948,Japan,2016-Q3,-0.4742948066545516
3612,New Zealand,2016-Q3,0.41525517425478053
2190,United Kingdom,2016-Q3,0.9980039920159722
5764,Spain,2016-Q3,-0.18400162124082575
6014,Austria,2016-Q3,0.699258779699008
8167,France,2016-Q3,0.27969233842772834
8904,Canada,2016-Q3,1.2313146656559804
654,Portugal,2016-Q3,0.654596615202907
7615,Denmark,2016-Q3,0.16647808471306202
8535,Belgium,2016-Q3,2.1007048601509926
2007,United States,2016-Q3,1.1176268158824998
5579,Korea,2016-Q3,0.7347542239638738
3245,Netherlands,2016-Q4,0.6800526457531042
2579,Luxembourg,2016-Q4,0.7291010184442559
5949,Japan,2016-Q4,0.3053740432063412
2191,United Kingdom,2016-Q4,1.4940239043824688
6886,Ireland,2016-Q4,-0.08060355428727295
8905,Canada,2016-Q4,1.3917680479650585
655,Portugal,2016-Q4,0.7790991385967505
3067,Mexico,2016-Q4,3.243535079461779
8720,Germany,2016-Q4,1.0340271169611892
3798,Norway,2016-Q4,3.5620041022413895
8536,Belgium,2016-Q4,1.8713619997237307
2008,United States,2016-Q4,1.8006595991052254
7616,Denmark,2016-Q4,0.40023683789982556
2376,Australia,2016-Q4,1.4760616767305779
5580,Korea,2016-Q4,1.452078801727752
2567,Italy,2016-Q4,0.12874978624253242
8352,Finland,2016-Q4,0.7157694996504649
6015,Austria,2016-Q4,1.3280991636750672
3613,New Zealand,2016-Q4,1.3355220145958135
5765,Spain,2016-Q4,0.9740618899032993
8168,France,2016-Q4,0.5002467569197755
2466,Sweden,2016-Q4,1.435919844685607
2377,Australia,2017-Q1,2.125635401780901
8169,France,2017-Q1,1.233083093754539
2467,Sweden,2017-Q1,1.4782877422441887
6016,Austria,2017-Q1,2.0305617977528057
8353,Finland,2017-Q1,0.9654618662255476
8537,Belgium,2017-Q1,2.632321338600674
8906,Canada,2017-Q1,1.9119251420393724
7617,Denmark,2017-Q1,0.9676676676676488
2192,United Kingdom,2017-Q1,2.19780219780219
8721,Germany,2017-Q1,1.642625920928431
5950,Japan,2017-Q1,0.34083472368242607
3068,Mexico,2017-Q1,4.9789051803248
3614,New Zealand,2017-Q1,2.166745783885071
2568,Italy,2017-Q1,1.3396216121775328
3799,Norway,2017-Q1,2.5809221107226943
5766,Spain,2017-Q1,2.7434566602063892
656,Portugal,2017-Q1,1.4173866049980388
5581,Korea,2017-Q1,2.2000952370537785
3246,Netherlands,2017-Q1,1.528559935639584
6887,Ireland,2017-Q1,0.5677172796358931
2580,Luxembourg,2017-Q1,1.737198210062041
2009,United States,2017-Q1,2.5393437025114984
657,Portugal,2017-Q2,1.4452055878118708
8538,Belgium,2017-Q2,1.9124184261412491
2468,Sweden,2017-Q2,1.7778042095977442
3247,Netherlands,2017-Q2,1.248241019864893
2581,Luxembourg,2017-Q2,1.70997466962437
5767,Spain,2017-Q2,1.997538981976632
5582,Korea,2017-Q2,1.921832830608028
3069,Mexico,2017-Q2,6.097956790286885
8170,France,2017-Q2,0.8863950314072611
6017,Austria,2017-Q2,1.9484785221486556
5951,Japan,2017-Q2,0.4076003726677824
2193,United Kingdom,2017-Q2,2.5793650793650924
8907,Canada,2017-Q2,1.320494455417709
3615,New Zealand,2017-Q2,1.7427435447031403
8354,Finland,2017-Q2,0.7704746693873554
7618,Denmark,2017-Q2,0.829429054602171
6888,Ireland,2017-Q2,0.2403872474316504
2010,United States,2017-Q2,1.9020033553735383
3800,Norway,2017-Q2,2.0974830590513083
8722,Germany,2017-Q2,1.4267033161696308
2378,Australia,2017-Q2,1.933687689063257
2569,Italy,2017-Q2,1.5039806652400012
5768,Spain,2017-Q3,1.653770901596796
8539,Belgium,2017-Q3,1.8958685103583006
2379,Australia,2017-Q3,1.828212043070021
8171,France,2017-Q3,0.8699073612909558
7619,Denmark,2017-Q3,1.528713858424724
2582,Luxembourg,2017-Q3,1.8804325184161197
3248,Netherlands,2017-Q3,1.3897616261005163
6018,Austria,2017-Q3,2.1494846792788236
6889,Ireland,2017-Q3,0.20013202947597453
5952,Japan,2017-Q3,0.6126592303185241
8355,Finland,2017-Q3,0.680509909371585
3616,New Zealand,2017-Q3,1.9024332179381709
3070,Mexico,2017-Q3,6.482936664235828
2011,United States,2017-Q3,1.9669096492375582
8908,Canada,2017-Q3,1.371696416726853
658,Portugal,2017-Q3,1.142735178493437
2570,Italy,2017-Q3,1.131413932973735
2469,Sweden,2017-Q3,2.154719038529862
5583,Korea,2017-Q3,2.218192586019563
2194,United Kingdom,2017-Q3,2.667984189723316
8723,Germany,2017-Q3,1.550615436683933
3801,Norway,2017-Q3,1.5035508637236017
7620,Denmark,2017-Q4,1.2624921137847522
6890,Ireland,2017-Q4,0.44375233454296836
659,Portugal,2017-Q4,1.4690324634620389
8724,Germany,2017-Q4,1.4196378616308625
8356,Finland,2017-Q4,0.6015070398932343
5584,Korea,2017-Q4,1.441045368504601
5769,Spain,2017-Q4,1.4485773306579963
5953,Japan,2017-Q4,0.5750947774934456
2012,United States,2017-Q4,2.1175071201863904
8909,Canada,2017-Q4,1.7871771294825534
2571,Italy,2017-Q4,0.9326779038381527
2470,Sweden,2017-Q4,1.7650408607057688
3071,Mexico,2017-Q4,6.593870737262297
3617,New Zealand,2017-Q4,1.5943905901319777
3249,Netherlands,2017-Q4,1.3607915237587198
2380,Australia,2017-Q4,1.9090772939908573
6019,Austria,2017-Q4,2.195234401803292
8540,Belgium,2017-Q4,2.069071819981283
2583,Luxembourg,2017-Q4,1.5963781056246962
8172,France,2017-Q4,1.1413872842727324
3802,Norway,2017-Q4,1.337579191853755
2195,United Kingdom,2017-Q4,2.7477919528949846
2584,Luxembourg,2018-Q1,1.0857409639208448
660,Portugal,2018-Q1,0.7655391353245999
3803,Norway,2018-Q1,2.0063687877806435
3072,Mexico,2018-Q1,5.305799849746262
8725,Germany,2018-Q1,1.3193053267843036
8541,Belgium,2018-Q1,1.5261727437738681
8910,Canada,2018-Q1,2.0560992080065787
2196,United Kingdom,2018-Q1,2.4437927663734094
7621,Denmark,2018-Q1,0.5948444828669963
5585,Korea,2018-Q1,1.0763178936269213
2381,Australia,2018-Q1,1.9005374981972967
5954,Japan,2018-Q1,1.2907245041072324
2572,Italy,2018-Q1,0.726999098810599
2471,Sweden,2018-Q1,1.6960574645684678
3618,New Zealand,2018-Q1,1.099964198586334
6020,Austria,2018-Q1,1.7944734680852337
8173,France,2018-Q1,1.360432081173113
3250,Netherlands,2018-Q1,1.228209191759122
2013,United States,2018-Q1,2.2142355677897907
6891,Ireland,2018-Q1,0.24195823475479106
5770,Spain,2018-Q1,0.9536573029759854
8357,Finland,2018-Q1,0.7345153737045473
7622,Denmark,2018-Q2,0.9871668311944637
2382,Australia,2018-Q2,2.07763103373817
2585,Luxembourg,2018-Q2,1.282930173342467
3619,New Zealand,2018-Q2,1.4999422873386292
8726,Germany,2018-Q2,1.7336656298752917
8911,Canada,2018-Q2,2.3000339624472232
5283,Italy,2018-Q2,0.9220286210170014
2472,Sweden,2018-Q2,1.8989677850375086
3073,Mexico,2018-Q2,4.568001072083772
3804,Norway,2018-Q2,2.4019903912799068
2014,United States,2018-Q2,2.711866376517702
8174,France,2018-Q2,1.8954220621204776
6021,Austria,2018-Q2,1.943699862184789
5586,Korea,2018-Q2,1.4924908173507
661,Portugal,2018-Q2,0.9842488985925435
8358,Finland,2018-Q2,0.9788412102036625
6892,Ireland,2018-Q2,0.15987384861038123
5771,Spain,2018-Q2,1.801662030277118
8542,Belgium,2018-Q2,1.8067488996777126
3251,Netherlands,2018-Q2,1.5179995022952308
2197,United Kingdom,2018-Q2,2.321083172146987
5955,Japan,2018-Q2,0.6765762272227471
3074,Mexico,2018-Q3,4.91208602056028
3805,Norway,2018-Q3,3.277591151090098
8543,Belgium,2018-Q3,2.2537070833261508
3620,New Zealand,2018-Q3,1.9012779991219642
2383,Australia,2018-Q3,1.8850854682266993
3252,Netherlands,2018-Q3,2.029926559209372
662,Portugal,2018-Q3,1.396895068956483
2198,United Kingdom,2018-Q3,2.3099133782483072
6022,Austria,2018-Q3,2.136597314830002
2015,United States,2018-Q3,2.64096123349038
8359,Finland,2018-Q3,1.2958326615116977
7623,Denmark,2018-Q3,0.8837973433051927
5587,Korea,2018-Q3,1.5469815596542702
5772,Spain,2018-Q3,2.231421269205347
5956,Japan,2018-Q3,1.11639563410455
2473,Sweden,2018-Q3,2.123702652569981
5284,Italy,2018-Q3,1.4807502467917066
8175,France,2018-Q3,2.248297260705523
8727,Germany,2018-Q3,1.8843837917851936
6893,Ireland,2018-Q3,0.7587446135284281
8912,Canada,2018-Q3,2.680582859314251
2586,Luxembourg,2018-Q3,1.695656427313641
6894,Ireland,2018-Q4,0.7228995005058803
5773,Spain,2018-Q4,1.709735980340077
3253,Netherlands,2018-Q4,2.0317168512063555
2016,United States,2018-Q4,2.20315037817993
7624,Denmark,2018-Q4,0.7874015748031704
8360,Finland,2018-Q4,1.3241560402668107
2384,Australia,2018-Q4,1.784081391149317
663,Portugal,2018-Q4,0.8271686258613631
6023,Austria,2018-Q4,2.1160468650801345
8728,Germany,2018-Q4,1.9856059193240183
8544,Belgium,2018-Q4,2.6206729124173878
5957,Japan,2018-Q4,0.8745098661126605
2474,Sweden,2018-Q4,2.0911516749412495
2587,Luxembourg,2018-Q4,2.043072983204719
8913,Canada,2018-Q4,2.035597104619402
5285,Italy,2018-Q4,1.4191089108910981
3621,New Zealand,2018-Q4,1.8886876129746044
5588,Korea,2018-Q4,1.7866886212313249
2199,United Kingdom,2018-Q4,2.1012416427889313
8176,France,2018-Q4,1.8962966754032529
3806,Norway,2018-Q4,3.3626010802636497
3075,Mexico,2018-Q4,4.816645446842771
3254,Netherlands,2019-Q1,2.5408023483366016
8177,France,2019-Q1,1.2213771867863432
2017,United States,2019-Q1,1.6448975975750013
3622,New Zealand,2019-Q1,1.4837197196848617
8361,Finland,2019-Q1,1.1561120816816262
6895,Ireland,2019-Q1,0.8446898073563691
2385,Australia,2019-Q1,1.3320710692906523
2475,Sweden,2019-Q1,1.8733324703877674
6024,Austria,2019-Q1,1.730817866494605
5774,Spain,2019-Q1,1.1359313539015536
3076,Mexico,2019-Q1,4.1028945956291585
2588,Luxembourg,2019-Q1,2.040750566576799
8914,Canada,2019-Q1,1.611644766911513
3807,Norway,2019-Q1,2.9971891985047794
5589,Korea,2019-Q1,0.5424850376332779
2200,United Kingdom,2019-Q1,1.8129770992366456
5958,Japan,2019-Q1,0.30188880610140245
664,Portugal,2019-Q1,0.7539162306550606
5286,Italy,2019-Q1,0.9514763779527646
8729,Germany,2019-Q1,1.367154508377988
8545,Belgium,2019-Q1,2.162319292159154
7625,Denmark,2019-Q1,1.1826540135827734
5959,Japan,2019-Q2,0.7392620845487752
2018,United States,2019-Q2,1.8113759045800482
8915,Canada,2019-Q2,2.1484406494456376
3808,Norway,2019-Q2,2.438240740740749
5287,Italy,2019-Q2,0.848221582961961
5590,Korea,2019-Q2,0.6522531509582263
8546,Belgium,2019-Q2,1.8994990435943437
2589,Luxembourg,2019-Q2,2.011216399149096
2476,Sweden,2019-Q2,2.0282513953666204
6896,Ireland,2019-Q2,1.1571857148239273
3255,Netherlands,2019-Q2,2.65797887801571
2201,United Kingdom,2019-Q2,1.8903591682419618
5775,Spain,2019-Q2,0.9176833944061213
8178,France,2019-Q2,1.1238491445667131
3077,Mexico,2019-Q2,4.2139556013579105
8362,Finland,2019-Q2,1.2173700186037362
8730,Germany,2019-Q2,1.7042183019736035
3623,New Zealand,2019-Q2,1.674858332369622
665,Portugal,2019-Q2,0.5260323263755584
6025,Austria,2019-Q2,1.6841244221398766
7626,Denmark,2019-Q2,0.7494623655913912
2386,Australia,2019-Q2,1.5929235583455714
3624,New Zealand,2019-Q3,1.464883396810035
8731,Germany,2019-Q3,1.4668467386189432
6897,Ireland,2019-Q3,0.7134444645769289
2590,Luxembourg,2019-Q3,1.5809021935811574
5288,Italy,2019-Q3,0.3567120622568254
8916,Canada,2019-Q3,1.9393782623102762
5591,Korea,2019-Q3,0.0446519722241856
2202,United Kingdom,2019-Q3,1.7873941674506177
3078,Mexico,2019-Q3,3.3124638915603466
666,Portugal,2019-Q3,-0.17085114847786853
8547,Belgium,2019-Q3,1.1624480848883678
7627,Denmark,2019-Q3,0.4218690531697211
2019,United States,2019-Q3,1.7575367982211265
5960,Japan,2019-Q3,0.3345038833209468
8363,Finland,2019-Q3,0.9472350988688927
6026,Austria,2019-Q3,1.3946645948616387
5776,Spain,2019-Q3,0.3123543078543234
8179,France,2019-Q3,1.0044427274483292
3256,Netherlands,2019-Q3,2.667690240859799
2477,Sweden,2019-Q3,1.517470976553592
2387,Australia,2019-Q3,1.674037897804559
3809,Norway,2019-Q3,1.6478491449036126
5961,Japan,2019-Q4,0.5002304145201419
2478,Sweden,2019-Q4,1.7210530800034096
2388,Australia,2019-Q4,1.8404786395764816
6027,Austria,2019-Q4,1.3186972601165525
8548,Belgium,2019-Q4,0.5415036365685522
8917,Canada,2019-Q4,2.0947886415736416
7628,Denmark,2019-Q4,0.6835937499999778
8364,Finland,2019-Q4,0.778235098986646
8180,France,2019-Q4,1.0849995170481908
8732,Germany,2019-Q4,1.244893523930446
2203,United Kingdom,2019-Q4,1.4031805425631427
6898,Ireland,2019-Q4,1.0366939122837149
5592,Korea,2019-Q4,0.2955907475040709
2591,Luxembourg,2019-Q4,1.3485505950360022
3079,Mexico,2019-Q4,2.9404402688245845
3257,Netherlands,2019-Q4,2.6668267383787914
3625,New Zealand,2019-Q4,1.8536774368405062
3810,Norway,2019-Q4,1.6114629405481695
667,Portugal,2019-Q4,0.25010606313922157
5777,Spain,2019-Q4,0.44095759537503554
5289,Italy,2019-Q4,0.2928735089077428
2020,United States,2019-Q4,2.0329423358666388
